CustomerID,Recency,Frequency,Monetary,R_Score,F_Score,M_Score,RFM_Segment
14646,1,73,280206.02,5,5,5,555
18102,0,60,259657.3,5,5,5,555
17450,7,46,194390.79,5,5,5,555
16446,0,2,168472.5,5,3,5,535
14911,0,201,143711.17,5,5,5,555
12415,23,21,124914.53,4,5,5,455
14156,9,55,117210.08,5,5,5,555
17511,2,31,91062.38,5,5,5,555
16029,38,63,80850.84,3,5,5,355
12346,325,1,77183.6,1,2,5,125
16684,3,28,66653.56,5,5,5,555
14096,3,17,65164.79,5,5,5,555
13694,3,50,65039.62,5,5,5,555
15311,0,91,60632.75,5,5,5,555
13089,2,97,58762.08,5,5,5,555
17949,0,45,58510.48,5,5,5,555
15769,6,26,56252.72,5,5,5,555
15061,3,48,54534.14,5,5,5,555
14298,7,44,51527.3,5,5,5,555
14088,9,13,50491.81,5,5,5,555
15749,234,3,44534.3,1,4,5,145
12931,21,15,42055.96,4,5,5,455
17841,1,124,40519.84,5,5,5,555
15098,181,3,39916.5,1,4,5,145
13798,0,57,37153.85,5,5,5,555
16013,3,47,37130.6,5,5,5,555
16422,16,51,34684.4,4,5,5,455
15838,10,19,33643.08,5,5,5,555
12748,0,209,33053.19,5,5,5,555
17404,3,15,31906.82,5,5,5,555
17389,0,34,31833.68,5,5,5,555
13098,0,28,28882.44,5,5,5,555
14680,24,16,28754.11,4,5,5,455
13081,11,11,28337.38,5,5,5,555
13408,1,62,28117.04,5,5,5,555
17857,3,23,26879.04,5,5,5,555
16333,7,22,26626.8,5,5,5,555
13777,0,33,25977.16,5,5,5,555
12753,22,6,21429.39,4,5,5,455
12744,51,7,21279.29,3,5,5,355
16210,1,18,21086.3,5,5,5,555
17675,0,31,20374.28,5,5,5,555
17381,8,29,20275.61,5,5,5,555
12471,1,30,19788.65,5,5,5,555
15039,9,47,19766.59,5,5,5,555
12731,23,12,18895.91,4,5,5,455
15159,1,30,18641.01,5,5,5,555
12901,8,28,17654.54,5,5,5,555
12678,41,12,17628.46,3,5,5,355
14031,6,19,17286.86,5,5,5,555
17428,0,28,17256.85,5,5,5,555
13767,1,37,17220.36,5,5,5,555
13881,3,20,17159.52,5,5,5,555
16839,8,34,16594.35,5,5,5,555
12921,8,37,16587.09,5,5,5,555
17677,1,30,16345.38,5,5,5,555
15189,0,41,16225.39,5,5,5,555
14607,15,14,16209.5,4,5,5,455
15856,3,27,16143.64,5,5,5,555
14051,0,23,15610.39,5,5,5,555
15513,32,19,14758.22,4,5,5,455
16133,3,33,14589.04,5,5,5,555
14866,10,12,14389.9,5,5,5,555
16705,0,20,14034.99,5,5,5,555
12681,14,22,13787.54,4,5,5,455
12621,1,20,13689.67,5,5,5,555
12540,19,17,13400.24,4,5,5,455
12433,0,7,13375.87,5,5,5,555
15498,2,27,13316.4,5,5,5,555
12477,22,6,13219.74,4,5,5,455
17735,1,19,13110.02,5,5,5,555
16525,1,26,13027.45,5,5,5,555
14258,8,9,12669.98,5,5,5,555
13078,2,26,12627.94,5,5,5,555
12536,42,3,12601.83,3,4,5,345
15640,3,15,12416.11,5,5,5,555
16000,2,3,12393.7,5,4,5,545
17340,29,11,12353.29,4,5,5,455
12682,3,31,12279.82,5,5,5,555
13113,0,24,12245.96,5,5,5,555
14606,0,93,12076.15,5,5,5,555
12557,15,5,11990.96,4,4,5,445
12939,63,8,11581.8,3,5,5,355
15125,24,15,11528.48,4,5,5,455
14194,4,21,11349.52,5,5,5,555
12971,3,86,11189.91,5,5,5,555
14895,7,20,11138.71,5,5,5,555
12409,78,3,11072.67,2,4,5,245
17581,0,25,11025.24,5,5,5,555
15482,15,12,10879.76,4,5,5,455
13319,4,26,10845.55,5,5,5,555
17107,32,6,10797.48,3,5,5,355
13340,44,7,10736.48,3,5,5,355
17139,15,12,10650.77,4,5,5,455
16779,1,22,10611.72,5,5,5,555
17865,30,20,10526.32,4,5,5,455
17706,3,17,10504.49,5,5,5,555
15251,8,11,10484.99,5,5,5,555
14062,9,12,10464.85,5,5,5,555
14769,2,8,10416.98,5,5,5,555
15615,9,23,10399.74,5,5,5,555
15502,15,12,10384.93,4,5,5,455
16180,99,8,10254.18,2,5,5,255
16843,42,16,10196.57,3,5,5,355
12590,210,2,9864.26,1,3,5,135
13199,3,38,9817.12,5,5,5,555
13001,3,13,9785.97,5,5,5,555
15078,6,32,9743.11,5,5,5,555
12709,14,15,9706.52,4,5,5,455
13458,6,14,9646.57,5,5,5,555
14733,15,12,9585.91,4,5,5,455
16523,1,21,9418.47,5,5,5,555
12567,22,10,9401.28,4,5,5,455
14367,7,16,9227.82,5,5,5,555
14667,10,25,9175.04,5,5,5,555
18092,1,11,9068.26,5,5,5,555
12451,10,5,9035.52,5,4,5,545
13969,6,18,9024.17,5,5,5,555
13488,16,13,8968.31,4,5,5,455
13090,8,14,8910.82,5,5,5,555
16033,5,20,8778.82,5,5,5,555
17017,2,20,8694.26,5,5,5,555
17306,10,19,8631.31,5,5,5,555
16656,21,15,8625.8,4,5,5,455
17243,0,26,8540.05,5,5,5,555
14527,2,55,8507.13,5,5,5,555
12683,3,15,8476.57,5,5,5,555
18139,17,6,8438.34,4,5,5,455
15358,4,22,8347.2,5,5,5,555
16558,0,20,8338.49,5,5,5,555
14056,0,23,8152.71,5,5,5,555
14936,33,8,8137.02,3,5,5,355
16672,1,20,8134.94,5,5,5,555
13854,8,25,8109.52,5,5,5,555
14952,59,11,8099.49,3,5,5,355
18109,1,26,8004.92,5,5,5,555
14796,0,17,7975.49,5,5,5,555
12428,25,9,7956.46,4,5,5,455
15290,4,18,7943.22,5,5,5,555
14849,21,25,7930.54,4,5,5,455
12757,15,13,7834.65,4,5,5,455
13093,275,8,7832.47,1,5,5,155
12435,79,2,7829.89,2,3,5,235
13629,22,11,7792.36,4,5,5,455
17811,3,39,7761.82,5,5,5,555
15044,18,17,7634.73,4,5,5,455
15194,2,15,7616.53,5,5,5,555
18172,14,20,7561.68,4,5,5,455
13263,0,35,7436.93,5,5,5,555
12980,157,9,7374.9,2,5,5,255
15465,19,18,7354.62,4,5,5,455
17396,38,8,7330.8,3,5,5,355
12474,16,18,7324.09,4,5,5,455
12583,2,15,7281.38,5,5,5,555
13018,15,28,7277.7,4,5,5,455
18229,11,20,7276.9,5,5,5,555
16729,37,21,7205.33,3,5,5,355
16745,86,17,7180.7,2,5,5,255
16873,4,6,7123.62,5,5,5,555
13324,35,10,7121.95,3,5,5,355
16923,11,19,7069.08,5,5,5,555
13985,3,15,7060.13,5,5,5,555
14961,10,9,7044.68,5,5,5,555
12766,3,7,6989.63,5,5,5,555
12798,9,3,6977.04,5,4,5,545
12989,2,15,6924.11,5,5,5,555
13027,113,6,6912.0,2,5,5,255
16187,31,15,6911.44,4,5,5,455
16713,18,15,6910.78,4,5,5,455
17416,29,7,6893.42,4,5,5,455
12705,14,9,6868.29,4,5,5,455
12476,15,11,6816.42,4,5,5,455
12830,37,6,6814.64,3,5,5,355
15601,10,14,6776.56,5,5,5,555
16652,58,7,6773.97,3,5,5,355
18055,6,10,6761.34,5,5,5,555
16532,17,3,6748.8,4,4,5,445
15023,2,11,6720.41,5,5,5,555
13576,9,18,6717.34,5,5,5,555
15249,31,13,6688.46,4,5,5,455
16746,4,18,6680.11,5,5,5,555
16353,3,23,6675.71,5,5,5,555
12626,22,9,6620.48,4,5,5,455
16182,71,4,6617.65,2,4,5,245
15144,7,17,6580.44,5,5,5,555
12472,31,7,6572.11,4,5,5,455
17338,16,8,6493.54,4,5,5,455
18223,4,14,6484.54,5,5,5,555
15694,0,14,6479.4,5,5,5,555
13225,2,7,6463.84,5,5,5,555
13102,0,24,6424.09,5,5,5,555
12431,35,15,6419.95,3,5,5,355
16814,13,21,6416.7,4,5,5,455
13871,22,13,6403.25,4,5,5,455
12359,57,4,6310.03,3,4,5,345
13668,2,21,6309.83,5,5,5,555
13709,3,13,6307.65,5,5,5,555
15005,15,28,6295.37,4,5,5,455
16126,28,4,6287.77,4,4,5,445
17315,1,38,6281.23,5,5,5,555
14057,23,17,6211.66,4,5,5,455
12357,32,1,6207.67,3,2,5,325
14060,4,19,6140.42,5,5,5,555
13418,11,18,6127.43,5,5,5,555
15939,89,15,6115.01,2,5,5,255
17509,57,8,6083.64,3,5,5,355
14735,3,32,6065.69,5,5,5,555
13097,32,10,6003.22,4,5,5,455
12637,66,8,6002.9,3,5,5,355
14101,73,6,5976.79,2,5,5,255
15382,14,6,5955.71,4,5,5,455
14944,29,12,5900.25,4,5,5,455
13209,29,8,5891.61,4,5,5,455
13534,1,25,5870.08,5,5,5,555
14505,16,8,5859.43,4,5,5,455
14415,0,13,5855.57,5,5,5,555
13050,14,17,5836.86,4,5,5,455
12720,2,25,5781.73,5,5,5,555
15218,10,11,5756.89,5,5,5,555
17686,6,7,5739.46,5,5,5,555
13316,36,4,5732.93,3,4,5,345
13178,25,11,5725.47,4,5,5,455
16553,162,12,5719.82,2,5,5,255
13468,1,37,5704.97,5,5,5,555
14110,3,12,5683.15,5,5,5,555
17716,22,11,5655.99,4,5,5,455
13004,11,18,5655.91,5,5,5,555
17049,2,9,5655.03,5,5,5,555
18118,10,26,5625.08,5,5,5,555
17757,0,30,5593.39,5,5,5,555
12839,2,14,5591.42,5,5,5,555
12481,22,10,5579.82,4,5,5,455
14688,7,21,5579.1,5,5,5,555
14049,16,4,5578.72,4,4,5,445
16767,30,11,5575.56,4,5,5,455
12539,21,4,5568.35,4,4,5,445
16161,1,19,5533.67,5,5,5,555
18225,2,12,5504.96,5,5,5,555
16609,14,7,5493.46,4,5,5,455
15805,22,17,5488.18,4,5,5,455
16985,16,10,5464.12,4,5,5,455
16265,8,9,5447.0,5,5,5,555
18198,3,17,5425.56,5,5,5,555
12490,4,10,5417.93,5,5,5,555
17809,15,12,5411.91,4,5,5,455
16701,8,13,5398.3,5,5,5,555
17719,37,15,5396.04,3,5,5,355
17850,371,34,5391.21,1,5,5,155
16303,25,3,5360.63,4,4,5,445
13269,0,15,5343.28,5,5,5,555
17730,2,13,5298.48,5,5,5,555
15150,16,10,5291.33,4,5,5,455
17061,73,11,5232.23,2,5,5,255
18226,43,11,5228.05,3,5,5,355
12362,2,10,5226.23,5,5,5,555
16258,44,5,5203.51,3,4,5,345
13756,1,14,5189.52,5,5,5,555
16191,2,13,5180.52,5,5,5,555
15727,16,7,5159.06,4,5,5,455
13599,0,21,5149.92,5,5,5,555
17858,5,12,5140.66,5,5,5,555
15903,9,7,5126.76,5,5,5,555
13941,21,5,5112.96,4,4,5,445
15046,8,15,5090.42,5,5,5,555
16700,8,13,5076.55,5,5,5,555
13139,15,7,5064.94,4,5,5,455
12432,42,5,5059.32,3,4,5,345
17602,1,6,5054.42,5,5,5,555
15301,50,12,5049.95,3,5,5,355
17426,7,6,5037.26,5,5,5,555
15719,32,13,5030.07,4,5,5,455
14755,9,11,5010.28,5,5,5,555
14562,3,18,5006.77,5,5,5,555
12444,20,5,5005.46,4,4,5,445
14329,16,7,4975.24,4,5,5,455
15032,255,3,4959.1,1,4,5,145
12437,1,18,4951.41,5,5,5,555
12700,7,4,4939.99,5,4,5,545
14709,14,13,4921.04,4,5,5,455
15786,45,3,4919.0,3,4,5,345
15547,6,14,4910.6,5,5,5,555
17133,15,7,4892.24,4,5,5,455
12664,7,9,4881.88,5,5,5,555
12688,113,1,4873.81,2,2,5,225
14292,7,9,4871.93,5,5,5,555
17652,24,12,4867.72,4,5,5,455
15738,18,16,4812.42,4,5,5,455
13013,0,13,4810.94,5,5,5,555
15298,1,12,4799.9,5,5,5,555
15555,11,16,4794.86,5,5,5,555
15187,1,16,4777.18,5,5,5,555
17365,12,8,4767.36,5,5,5,555
12955,0,11,4757.16,5,5,5,555
14180,10,25,4748.52,5,5,5,555
15152,9,13,4745.69,5,5,5,555
16722,16,13,4730.81,4,5,5,455
17690,29,15,4726.8,4,5,5,455
12714,8,5,4708.86,5,4,5,545
14135,1,15,4690.31,5,5,5,555
14191,1,13,4684.76,5,5,5,555
15291,25,15,4668.3,4,5,5,455
14189,1,15,4654.08,5,5,5,555
14390,9,9,4642.57,5,5,5,555
14159,19,11,4630.35,4,5,5,455
14286,23,3,4628.75,4,4,5,445
13802,138,3,4599.42,2,4,5,245
15093,17,6,4597.02,4,5,5,455
14004,42,7,4582.64,3,5,5,355
16931,4,21,4554.87,5,5,5,555
17068,11,21,4552.14,5,5,5,555
17613,22,14,4544.55,4,5,5,455
12484,32,6,4527.32,3,5,5,355
13267,2,19,4521.49,5,5,5,555
15299,66,7,4507.01,3,5,5,355
12524,8,8,4485.72,5,5,5,555
17975,14,13,4483.26,4,5,5,455
14426,23,10,4481.67,4,5,5,455
12627,10,7,4478.53,5,5,5,555
17364,0,11,4462.68,5,5,5,555
16984,87,2,4459.52,2,3,5,235
13069,0,24,4431.44,5,5,5,555
14085,1,18,4421.29,5,5,5,555
15955,23,14,4416.26,4,5,5,455
16626,0,17,4413.1,5,5,5,555
15874,63,7,4405.88,3,5,5,355
14534,2,18,4397.3,5,5,5,555
12712,28,13,4396.13,4,5,5,455
13505,72,4,4393.63,2,4,5,245
12752,80,1,4366.78,2,2,5,225
16945,21,19,4345.5,4,5,5,455
14016,161,4,4341.21,2,4,5,245
14800,47,12,4331.79,3,5,5,355
17567,6,8,4331.48,5,5,5,555
18251,86,1,4314.72,2,2,5,225
12347,1,7,4310.0,5,5,5,555
17937,8,7,4301.22,5,5,5,555
15034,15,8,4274.16,4,5,5,455
14422,0,6,4263.64,5,5,5,555
12500,22,11,4257.82,4,5,5,455
17419,10,12,4226.57,5,5,5,555
14525,19,9,4215.9,4,5,5,455
15804,0,13,4206.39,5,5,5,555
15971,17,12,4199.85,4,5,5,455
12747,1,11,4196.01,5,5,5,555
14146,8,5,4191.0,5,4,5,545
14277,14,3,4188.0,4,4,5,445
12949,30,8,4167.22,4,5,5,455
13384,30,7,4151.93,4,5,5,455
15570,6,12,4148.82,5,5,5,555
13988,19,6,4147.96,4,5,5,455
12569,1,32,4124.69,5,5,5,555
17920,3,17,4119.5,5,5,5,555
16592,3,16,4113.68,5,5,5,555
13555,73,4,4098.88,2,4,5,245
16401,0,12,4098.32,5,5,5,555
18041,11,21,4097.37,5,5,5,555
16670,16,11,4095.9,4,5,5,455
12749,3,5,4090.88,5,4,5,545
14092,7,14,4076.91,5,5,5,555
12449,21,4,4067.29,4,4,5,445
17377,23,20,4058.32,4,5,5,455
18087,97,2,4055.72,2,3,5,235
14401,3,13,4051.48,5,5,5,555
12656,16,5,4051.17,4,4,5,445
16549,9,10,4034.9,5,5,5,555
13815,21,4,4027.36,4,4,5,445
15514,11,11,4023.72,5,5,5,555
17940,48,10,4020.04,3,5,5,355
12957,9,8,4017.54,5,5,5,555
12867,25,7,4009.34,4,5,5,455
12378,129,1,4008.62,2,2,5,225
16186,22,12,4006.94,4,5,5,455
12841,4,25,3991.58,5,5,5,555
17001,0,11,3989.57,5,5,5,555
15416,64,4,3984.32,3,4,5,345
12779,37,8,3981.36,3,5,5,355
12727,10,7,3980.7,5,5,5,555
14547,3,8,3974.75,5,5,5,555
14299,7,9,3965.62,5,5,5,555
13523,32,5,3964.88,3,4,5,345
15529,22,11,3962.6,4,5,5,455
17611,6,15,3961.12,5,5,5,555
13183,7,9,3957.78,5,5,5,555
17769,12,10,3957.43,5,5,5,555
17651,11,10,3945.0,5,5,5,555
12473,28,5,3928.05,4,4,5,445
17593,3,5,3923.86,5,4,5,545
14739,3,7,3902.28,5,5,5,555
13999,9,12,3901.81,5,5,5,555
14291,1,11,3883.25,5,5,5,555
15195,2,1,3861.0,5,2,5,525
18073,113,12,3859.82,2,5,5,255
12662,0,11,3849.78,5,5,5,555
16717,23,6,3843.08,4,5,5,455
13266,10,12,3834.26,5,5,5,555
17091,2,9,3827.76,5,5,5,555
16327,13,6,3820.27,4,5,5,455
12755,280,2,3811.95,1,3,5,135
12597,18,4,3811.22,4,4,5,445
15867,4,15,3810.14,5,5,5,555
13435,4,7,3809.89,5,5,5,555
12668,11,4,3807.15,5,4,5,545
16145,8,11,3799.49,5,5,5,555
16655,17,6,3789.52,4,5,5,455
16168,10,27,3787.6,5,5,5,555
16019,46,9,3786.24,3,5,5,355
12562,7,7,3781.74,5,5,5,555
17173,4,8,3766.6,5,5,5,555
13124,89,3,3756.33,2,4,5,245
12429,8,4,3750.4,5,4,5,545
14145,46,4,3742.2,3,4,5,345
13552,65,12,3740.07,3,5,5,355
16570,14,10,3738.4,4,5,5,455
12502,95,5,3723.87,2,4,5,245
12647,21,12,3722.82,4,5,5,455
13680,0,4,3719.12,5,4,5,545
17238,2,17,3719.1,5,5,5,555
16240,23,2,3718.8,4,3,5,435
14364,108,8,3717.35,2,5,5,255
15845,17,8,3711.77,4,5,5,455
15622,42,9,3709.56,3,5,5,355
17819,71,7,3704.87,3,5,5,355
15379,168,7,3703.29,2,5,5,255
14282,2,15,3701.44,5,5,5,555
12553,7,10,3692.28,5,5,5,555
16253,66,2,3683.86,3,3,5,335
13148,28,12,3683.26,4,5,5,455
15581,120,13,3675.77,2,5,5,255
15296,50,6,3672.86,3,5,5,355
16904,3,16,3653.75,5,5,5,555
15808,305,4,3651.27,1,4,5,145
12417,2,9,3649.1,5,5,5,555
13426,0,10,3641.32,5,5,5,555
12619,15,9,3641.24,4,5,5,455
16440,7,5,3640.67,5,4,5,545
13381,31,6,3639.31,4,5,5,455
17230,263,8,3638.41,1,5,5,155
17528,0,8,3628.5,5,5,5,555
13327,38,8,3627.77,3,5,5,355
13520,58,6,3624.35,3,5,5,355
13082,125,9,3613.63,2,5,5,255
18079,44,4,3613.15,3,4,5,345
16712,8,11,3611.31,5,5,5,555
15505,52,5,3610.96,3,4,5,345
13137,10,8,3603.29,5,5,5,555
14543,28,16,3599.73,4,5,5,455
15484,0,4,3590.41,5,4,5,545
14132,1,11,3586.03,5,5,5,555
16242,7,7,3579.86,5,5,5,555
17576,7,19,3564.83,5,5,5,555
14040,40,12,3560.32,3,5,5,355
17203,35,6,3560.08,3,5,5,355
17491,0,10,3558.87,5,5,5,555
15544,8,9,3546.71,5,5,5,555
14503,2,6,3543.26,5,5,5,555
12370,50,4,3541.94,3,4,5,345
13448,16,6,3534.69,4,5,5,455
12454,55,1,3528.34,3,2,5,325
17160,30,6,3518.03,4,5,5,455
13953,6,7,3515.68,5,5,5,555
15113,9,3,3509.43,5,4,5,545
16131,51,6,3506.54,3,5,5,355
13334,81,3,3502.32,2,4,5,245
14907,2,7,3501.1,5,5,5,555
16458,2,18,3482.74,5,5,5,555
14395,1,9,3479.91,5,5,5,555
13993,42,9,3466.36,3,5,5,355
13014,10,10,3466.28,5,5,5,555
15410,83,8,3450.84,2,5,5,255
16360,4,6,3450.41,5,5,5,555
15129,49,11,3447.4,3,5,5,355
13536,0,7,3444.39,5,5,5,555
15974,38,7,3442.15,3,5,5,355
17725,15,11,3439.08,4,5,5,455
15676,18,3,3435.76,4,4,5,445
14221,41,9,3432.8,3,5,5,355
12406,21,2,3415.3,4,3,5,435
15981,24,8,3408.48,4,5,5,455
17758,18,8,3408.2,4,5,5,455
13437,13,7,3408.06,4,5,5,455
17669,42,7,3406.72,3,5,5,355
13198,9,6,3401.24,5,5,5,555
15228,65,4,3386.71,3,4,5,345
13842,58,9,3385.62,3,5,5,355
16011,7,16,3352.96,5,5,5,555
14227,25,10,3350.96,4,5,5,455
16818,10,11,3349.57,5,5,5,555
16607,17,14,3347.71,4,5,5,455
17183,7,6,3347.31,5,5,5,555
12643,127,6,3344.64,2,5,5,255
12613,56,5,3344.38,3,4,5,345
13015,52,5,3339.64,3,4,5,345
12594,37,10,3338.22,3,5,5,355
16556,66,7,3313.79,3,5,5,355
13373,60,3,3312.25,3,4,5,345
14841,52,6,3295.76,3,5,5,355
15632,15,8,3285.31,4,5,5,455
12480,27,4,3281.63,4,4,5,445
15764,87,6,3279.97,2,5,5,255
17723,126,6,3276.4,2,5,5,255
14702,0,17,3251.79,5,5,5,555
13952,217,2,3251.07,1,3,5,135
13047,31,10,3237.54,4,5,5,455
15708,40,7,3235.25,3,5,5,355
14175,59,3,3222.3,3,4,5,345
13880,20,13,3219.77,4,5,5,455
15443,1,7,3213.59,5,5,5,555
14388,9,8,3212.84,5,5,5,555
16107,17,7,3204.16,4,5,5,455
13868,6,2,3192.54,5,3,5,535
13758,11,7,3190.55,5,5,5,555
14844,63,4,3189.81,3,4,5,345
17220,23,14,3187.55,4,5,5,455
17050,95,6,3185.64,2,5,5,255
12456,43,3,3181.04,3,4,5,345
17672,49,2,3178.17,3,3,5,335
13268,17,11,3174.75,4,5,5,455
16837,30,11,3170.98,4,5,5,455
16041,30,3,3166.4,4,4,5,445
17863,58,6,3160.0,3,5,5,355
15065,37,4,3158.13,3,4,5,345
17685,16,7,3155.83,4,5,5,455
15861,11,8,3146.92,5,5,5,555
14235,74,5,3144.86,2,4,5,245
17231,11,10,3124.72,5,5,5,555
13685,2,7,3119.44,5,5,5,555
16678,2,12,3109.99,5,5,5,555
13742,16,12,3107.87,4,5,5,455
14099,15,11,3104.17,4,5,5,455
15491,94,6,3100.09,2,5,5,255
14257,63,5,3099.72,3,4,5,345
14565,95,4,3099.12,2,4,5,245
13135,196,1,3096.0,1,2,5,125
16156,8,9,3092.04,5,5,5,555
13362,8,4,3090.74,5,4,5,545
16218,29,7,3084.68,4,5,5,455
13869,122,4,3083.65,2,4,5,245
17059,29,5,3080.39,4,4,5,445
15998,36,5,3080.22,3,4,5,345
18272,2,6,3078.58,5,5,5,555
12910,22,8,3075.04,4,5,5,455
13631,99,11,3070.42,2,5,5,255
16940,51,3,3049.88,3,4,5,345
16393,1,13,3040.96,5,5,5,555
16326,5,14,3039.22,5,5,5,555
17799,21,10,3039.17,4,5,5,455
16905,4,7,3037.6,5,5,5,555
16709,84,5,3029.87,2,4,5,245
12598,9,8,3023.08,5,5,5,555
12395,18,12,3018.63,4,5,5,455
18094,81,7,3017.3,2,5,5,255
14456,4,9,3017.28,5,5,5,555
12754,235,3,3010.74,1,4,5,145
15521,39,8,3000.2,3,5,5,355
17659,16,12,2999.46,4,5,5,455
17504,205,9,2997.03,1,5,5,155
12670,9,5,2996.05,5,4,5,545
14307,88,6,2995.72,2,5,5,255
15687,8,9,2993.1,5,5,5,555
14639,51,6,2984.49,3,5,5,355
14032,1,11,2975.59,5,5,5,555
15854,3,12,2969.12,5,5,5,555
16497,49,6,2965.69,3,5,5,355
17924,11,7,2962.5,5,5,5,555
16686,46,7,2959.88,3,5,5,355
14868,2,8,2953.59,5,5,5,555
12916,138,4,2944.95,2,4,5,245
17444,147,3,2940.04,2,4,5,245
16316,63,8,2938.91,3,5,5,355
17512,28,10,2924.99,4,5,5,455
15606,60,9,2920.16,3,5,5,355
12906,11,5,2919.81,5,4,5,545
14112,22,7,2915.15,4,5,5,455
12438,13,2,2906.85,4,3,5,435
13451,25,5,2898.26,4,4,5,445
17644,0,11,2895.64,5,5,5,555
18144,7,12,2888.75,5,5,5,555
12408,32,5,2888.55,3,4,5,345
13735,24,4,2883.54,4,4,5,445
16633,16,6,2883.1,4,5,5,455
14251,1,5,2879.7,5,4,5,545
17728,3,3,2876.01,5,4,5,545
14005,9,5,2874.72,5,4,5,545
15628,4,9,2870.24,5,5,5,555
13901,71,5,2867.2,2,4,5,245
12685,27,6,2863.08,4,5,5,455
14530,25,6,2862.11,4,5,5,455
18145,12,4,2861.55,5,4,5,545
14535,59,3,2854.84,3,4,5,345
14711,9,11,2839.62,5,5,5,555
14852,57,6,2836.69,3,5,5,355
14842,43,4,2824.69,3,4,5,345
16928,79,17,2814.7,2,5,5,255
16871,21,6,2812.34,4,5,5,455
12356,22,3,2811.43,4,4,5,445
18230,8,7,2810.2,5,5,5,555
17596,22,7,2806.69,4,5,5,455
14572,2,7,2804.54,5,5,5,555
16081,55,5,2799.42,3,4,5,345
13769,1,10,2796.51,5,5,5,555
14903,20,5,2795.33,4,4,5,445
12578,20,2,2794.51,4,3,5,435
12758,116,2,2791.59,2,3,5,235
17739,11,7,2791.35,5,5,5,555
14626,23,4,2791.27,4,4,5,445
16764,3,13,2790.95,5,5,5,555
17213,39,7,2781.23,3,5,5,355
12388,15,6,2780.66,4,5,5,455
15984,2,10,2780.63,5,5,5,555
14121,3,4,2780.15,5,4,5,545
15993,8,7,2777.67,5,5,5,555
13870,1,8,2770.94,5,5,5,555
15114,29,10,2760.56,4,5,5,455
13971,18,8,2758.26,4,5,5,455
13230,3,14,2755.63,5,5,5,555
15321,70,3,2748.31,3,4,5,345
17084,34,2,2747.99,3,3,5,335
12669,150,3,2744.03,2,4,5,245
13174,15,3,2742.82,4,4,5,445
14854,77,7,2740.03,2,5,5,255
16003,29,5,2735.37,4,4,5,445
12840,143,4,2726.77,2,4,5,245
15673,87,4,2726.23,2,4,5,245
12380,21,4,2724.81,4,4,5,445
17838,26,5,2720.8,4,4,5,445
14125,10,3,2720.63,5,4,5,545
14808,39,8,2718.6,3,5,5,355
15356,30,10,2718.03,4,5,5,455
12708,29,10,2712.91,4,5,5,455
16938,8,4,2711.68,5,4,5,545
15696,32,8,2711.11,4,5,5,455
17069,27,9,2709.7,4,5,5,455
13285,22,4,2709.12,4,4,5,445
15796,0,8,2708.61,5,5,5,555
13654,42,6,2707.33,3,5,5,355
14107,51,7,2703.23,3,5,5,355
14732,7,8,2702.49,5,5,5,555
17386,7,6,2686.42,5,5,5,555
12625,211,2,2683.82,1,3,5,135
13883,10,5,2674.48,5,4,5,545
18097,7,6,2662.4,5,5,5,555
14713,8,11,2662.2,5,5,5,555
12360,51,3,2662.06,3,4,5,345
14439,319,1,2661.24,1,2,5,125
15671,18,7,2657.13,4,5,5,455
12721,31,6,2656.13,4,5,5,455
13851,95,3,2651.46,2,4,5,245
16618,30,5,2647.59,4,4,5,445
13658,9,5,2639.17,5,4,5,545
17655,10,7,2638.94,5,5,5,555
13771,63,4,2634.45,3,4,5,345
12520,78,5,2634.26,2,4,5,245
17402,4,13,2633.85,5,5,5,555
18260,172,6,2628.35,2,5,5,255
15752,39,7,2626.6,3,5,5,355
13422,63,1,2626.3,3,2,5,325
13644,15,4,2624.26,4,4,5,445
17346,3,15,2622.88,5,5,5,555
18210,1,6,2621.38,5,5,5,555
16255,16,8,2619.91,4,5,5,455
14262,7,8,2618.23,5,5,5,555
13021,3,9,2616.38,5,5,5,555
15782,9,3,2614.74,5,4,5,545
14397,2,19,2612.96,5,5,5,555
18075,22,10,2611.75,4,5,5,455
12836,58,4,2610.36,3,4,5,345
12726,27,7,2609.1,4,5,5,455
13136,55,5,2607.61,3,4,5,345
13983,29,12,2603.43,4,5,5,455
17317,45,3,2600.34,3,4,5,345
17965,37,14,2599.19,3,5,5,355
12600,28,10,2599.04,4,5,5,455
14408,10,7,2599.03,5,5,5,555
13895,27,4,2593.07,4,4,5,445
16919,155,11,2592.25,2,5,5,255
16241,9,13,2590.31,5,5,5,555
14243,8,10,2588.77,5,5,5,555
13804,30,7,2588.39,4,5,5,455
18077,7,11,2584.41,5,5,5,555
13911,56,9,2580.91,3,5,5,355
14546,4,5,2573.93,5,4,5,545
18245,6,7,2567.06,5,5,5,555
15485,29,3,2564.5,4,4,5,445
16308,37,4,2560.0,3,4,5,345
15033,4,10,2557.18,5,5,5,555
16912,28,11,2555.58,4,5,5,455
14334,16,8,2552.21,4,5,5,455
14676,30,6,2548.24,4,5,5,455
14776,50,11,2538.3,3,5,5,355
17700,16,4,2534.64,4,4,5,445
15572,4,7,2533.42,5,5,5,555
14659,8,9,2529.93,5,5,5,555
17314,24,8,2527.92,4,5,5,455
14701,10,9,2526.09,5,5,5,555
13394,1,8,2520.02,5,5,5,555
17449,1,7,2519.21,5,5,5,555
15245,133,3,2515.84,2,4,5,245
13344,67,3,2511.69,3,4,5,345
12352,35,8,2506.04,3,5,5,355
13695,30,15,2504.13,4,5,5,455
13471,0,4,2501.84,5,4,5,545
15932,3,8,2495.87,5,5,5,555
16477,63,7,2494.46,3,5,5,355
15271,6,15,2493.34,5,5,5,555
12483,16,8,2484.98,4,5,5,455
12913,4,5,2483.63,5,4,5,545
12517,27,5,2481.6,4,4,5,445
14315,44,6,2481.13,3,5,5,355
13507,2,4,2479.16,5,4,5,545
13588,15,9,2478.95,4,5,5,455
17682,9,6,2474.33,5,5,5,555
17188,10,7,2474.23,5,5,5,555
14766,7,6,2473.37,5,5,5,555
16710,18,10,2467.99,4,5,5,455
17164,32,7,2467.35,3,5,5,355
12455,72,6,2466.86,2,5,5,255
17131,4,5,2463.17,5,4,5,545
15750,2,8,2463.05,5,5,5,555
13784,9,11,2462.79,5,5,5,555
13975,30,6,2461.24,4,5,5,455
15674,72,5,2446.6,2,4,5,245
14163,86,4,2445.91,2,4,5,245
14502,19,11,2429.83,4,5,5,455
17071,27,9,2429.03,4,5,5,455
15527,18,8,2428.53,4,5,5,455
13949,2,6,2427.32,5,5,5,555
16143,2,6,2424.94,5,5,5,555
17722,95,4,2424.04,2,4,5,245
15089,9,6,2420.84,5,5,5,555
15373,7,12,2415.91,5,5,5,555
12397,35,2,2409.9,3,3,5,335
17589,59,4,2404.17,3,4,5,345
15980,88,3,2398.86,2,4,5,245
18065,5,14,2392.83,5,5,5,555
13141,84,5,2388.75,2,4,5,245
15370,40,7,2386.05,3,5,5,355
14493,6,5,2383.24,5,4,5,545
14239,42,11,2380.85,3,5,5,355
15270,15,7,2379.49,4,5,5,455
13722,131,3,2375.41,2,4,5,245
17434,1,7,2373.82,5,5,5,555
13908,79,4,2369.55,2,4,5,245
17530,0,10,2367.12,5,5,5,555
15755,9,6,2364.25,5,5,5,555
12457,65,7,2363.23,3,5,5,355
14930,108,3,2362.96,2,4,5,245
14030,17,8,2358.84,4,5,5,455
17634,35,9,2358.59,3,5,5,355
14440,7,5,2357.68,5,4,5,545
15140,51,7,2354.25,3,5,5,355
14309,7,9,2352.53,5,5,5,555
12704,6,8,2340.84,5,5,5,555
18259,24,3,2338.6,4,4,5,445
12584,3,9,2338.15,5,5,5,555
18257,38,8,2337.63,3,5,5,355
15281,58,9,2332.15,3,5,5,355
12782,4,5,2330.92,5,4,5,545
15785,32,5,2328.97,3,4,5,345
17313,30,1,2328.84,4,2,5,425
17744,3,6,2322.4,5,5,5,555
17211,26,8,2317.22,4,5,5,455
14290,10,5,2314.65,5,4,5,545
15365,25,7,2314.32,4,5,5,455
17954,4,12,2314.13,5,5,5,555
13704,4,9,2308.06,5,5,5,555
15288,42,5,2306.52,3,4,5,345
16550,108,5,2298.97,2,4,5,245
15105,17,7,2298.93,4,5,5,455
13115,11,4,2294.78,5,4,5,545
15704,139,4,2293.62,2,4,5,245
12615,1,4,2291.19,5,4,5,545
17696,37,8,2285.71,3,5,5,355
12684,7,7,2283.63,5,5,5,555
14554,9,4,2279.49,5,4,5,545
13994,3,6,2274.14,5,5,5,555
13317,65,6,2273.68,3,5,5,355
14466,28,7,2272.4,4,5,5,455
16782,9,13,2267.95,5,5,5,555
16057,15,7,2263.12,4,5,5,455
16209,88,5,2262.62,2,4,5,245
16293,21,10,2248.99,4,5,5,455
13700,25,10,2248.63,4,5,5,455
17442,36,6,2248.56,3,5,5,355
14432,9,6,2248.5,5,5,5,555
15235,217,12,2247.51,1,5,5,155
16735,78,5,2247.41,2,4,5,245
16771,32,5,2242.61,3,4,5,345
13527,33,7,2242.36,3,5,5,355
14211,52,9,2241.1,3,5,5,355
14560,6,22,2237.77,5,5,5,555
16076,2,10,2234.73,5,5,5,555
18242,71,4,2232.49,2,4,5,245
12783,1,6,2225.91,5,5,5,555
13365,33,2,2225.37,3,3,5,335
15834,69,4,2225.15,3,4,5,345
15665,167,2,2222.21,2,3,5,235
14825,3,12,2221.01,5,5,5,555
15811,21,6,2218.62,4,5,5,455
12876,57,2,2218.02,3,3,5,335
14226,28,5,2214.79,4,4,5,445
16743,28,7,2213.13,4,5,5,455
15722,35,5,2211.21,3,4,5,345
12653,148,2,2209.85,2,3,5,235
13862,17,8,2209.36,4,5,5,455
15797,112,4,2207.4,2,4,5,245
15179,17,5,2206.95,4,4,5,445
17591,72,7,2203.67,2,5,5,255
15123,6,2,2199.31,5,3,5,535
13831,15,6,2198.45,4,5,5,455
14700,31,3,2195.1,4,4,5,445
16628,29,5,2188.05,4,4,5,445
17406,332,3,2184.42,1,4,5,145
15394,9,4,2183.54,5,4,5,545
12909,39,5,2178.67,3,4,5,345
12856,7,6,2170.78,5,5,5,555
12501,336,1,2169.39,1,2,5,125
14341,44,8,2166.98,3,5,5,355
12633,58,4,2163.98,3,4,5,345
12935,1,7,2160.7,5,5,5,555
16456,98,5,2158.18,2,4,5,245
14407,106,6,2157.73,2,5,5,255
16379,3,4,2157.4,5,4,5,545
13224,59,2,2155.95,3,3,5,335
16966,7,7,2154.97,5,5,5,555
17272,41,4,2148.63,3,4,5,345
14828,196,3,2139.76,1,4,5,145
12560,4,3,2134.01,5,4,5,545
13517,59,3,2128.42,3,4,5,345
18061,21,10,2119.41,4,5,5,455
13632,24,5,2118.93,4,4,5,445
14360,31,4,2118.03,4,4,5,445
18008,69,9,2116.19,3,5,5,355
14691,30,5,2114.33,4,4,5,445
13755,3,9,2108.06,5,5,5,555
14640,23,6,2107.38,4,5,5,455
18173,86,4,2106.84,2,4,5,245
18093,92,4,2106.52,2,4,5,245
14461,147,3,2103.06,2,4,5,245
15058,24,11,2102.54,4,5,5,455
15815,63,5,2100.6,3,4,5,345
13126,4,8,2099.64,5,5,5,555
12610,22,5,2099.54,4,4,5,445
17861,2,8,2097.88,5,5,5,555
17400,125,5,2097.84,2,4,5,245
16875,66,5,2095.53,3,4,5,345
17191,27,7,2093.68,4,5,5,455
14306,50,2,2093.32,3,3,5,335
13265,52,5,2092.66,3,4,5,345
17490,0,7,2092.32,5,5,5,555
13297,7,4,2089.85,5,4,5,545
13571,12,12,2088.94,5,5,5,555
18044,3,10,2088.6,5,5,5,555
14810,40,11,2085.33,3,5,5,355
16954,0,9,2085.08,5,5,5,555
17768,7,3,2081.9,5,4,5,545
16407,12,10,2079.68,5,5,5,555
14696,3,7,2078.95,5,5,5,555
14515,17,6,2076.89,4,5,5,455
14209,10,6,2073.43,5,5,5,555
18241,9,17,2073.09,5,5,5,555
18231,191,5,2071.77,1,4,5,145
18219,2,10,2069.77,5,5,5,555
12948,15,7,2064.95,4,5,5,455
12928,34,5,2062.7,3,4,5,345
16281,71,1,2062.06,2,2,5,225
14409,70,6,2059.45,3,5,5,355
12518,0,5,2056.89,5,4,5,545
17667,65,5,2055.51,3,4,4,344
14188,30,6,2054.36,4,5,4,454
16150,42,5,2053.02,3,4,4,344
17086,6,6,2050.08,5,5,4,554
17612,52,6,2048.45,3,5,4,354
14232,42,5,2048.07,3,4,4,344
18283,3,16,2045.53,5,5,4,554
13495,7,5,2044.87,5,4,4,544
17597,213,1,2044.37,1,2,4,124
13450,26,6,2043.72,4,5,4,454
14001,45,3,2043.08,3,4,4,344
12585,233,2,2040.1,1,3,4,134
17846,84,1,2033.1,2,2,4,224
13630,4,7,2031.78,5,5,4,554
16358,0,4,2027.5,5,4,4,544
16409,35,5,2022.98,3,4,4,344
14482,17,6,2022.81,4,5,4,454
15341,80,1,2020.52,2,2,4,224
17625,17,4,2020.4,4,4,4,444
13593,107,5,2011.88,2,4,4,244
18069,25,5,2009.24,4,4,4,444
15372,136,1,2007.4,2,2,4,224
16098,87,7,2005.63,2,5,4,254
14217,1,17,2004.98,5,5,4,554
14544,23,2,2004.3,4,3,4,434
17082,32,2,2003.85,3,3,4,334
16754,371,1,2002.4,1,2,4,124
18188,14,3,2001.04,4,4,4,444
13305,3,10,2000.86,5,5,4,554
16698,226,2,1998.0,1,3,4,134
17679,52,2,1992.11,3,3,4,334
17088,27,4,1991.01,4,4,4,444
17827,4,5,1987.33,5,4,4,544
13590,10,6,1981.92,5,5,4,554
17337,150,4,1981.06,2,4,4,244
14462,65,11,1980.57,3,5,4,354
13725,49,8,1980.56,3,5,4,354
17422,15,6,1979.37,4,5,4,454
18204,70,3,1975.35,3,4,4,344
17090,3,7,1974.65,5,5,4,554
15531,7,2,1972.39,5,3,4,534
16341,24,4,1971.87,4,4,4,444
12674,38,4,1970.6,3,4,4,344
17790,26,14,1964.3,4,5,4,454
17997,73,8,1962.46,2,5,4,254
13246,17,6,1961.52,4,5,4,454
14506,16,5,1960.65,4,4,4,444
14498,42,5,1957.32,3,4,4,344
12853,134,6,1957.1,2,5,4,254
15493,32,5,1953.41,3,4,4,344
17554,0,5,1952.45,5,4,4,544
17218,3,10,1951.97,5,5,4,554
14533,24,7,1949.72,4,5,4,454
15814,16,4,1945.33,4,4,4,444
14418,3,3,1937.25,5,4,4,544
15864,21,6,1936.32,4,5,4,454
15157,3,3,1936.07,5,4,4,544
15351,11,7,1934.66,5,5,4,554
12528,8,6,1933.48,5,5,4,554
14655,7,4,1932.23,5,4,4,544
13094,20,12,1927.32,4,5,4,454
14653,0,7,1926.65,5,5,4,554
15518,63,8,1921.55,3,5,4,354
14978,71,5,1921.37,2,4,4,244
14285,20,4,1910.01,4,4,4,444
17228,15,8,1906.09,4,5,4,454
16983,12,7,1905.87,5,5,4,554
14210,105,6,1905.84,2,5,4,254
15819,48,4,1905.45,3,4,4,344
16942,12,9,1904.99,5,5,4,554
14250,6,3,1904.05,5,4,4,544
12762,7,2,1898.52,5,3,4,534
14730,0,8,1897.57,5,5,4,554
14934,81,2,1890.94,2,3,4,234
12371,44,2,1887.96,3,3,4,334
15641,104,4,1887.2,2,4,4,244
16170,50,6,1885.05,3,5,4,354
13890,0,10,1883.81,5,5,4,554
16128,17,5,1880.22,4,4,4,444
17738,18,4,1879.05,4,4,4,444
17368,22,8,1878.87,4,5,4,454
15367,56,4,1877.59,3,4,4,344
17463,15,5,1875.86,4,4,4,444
16986,29,2,1873.2,4,3,4,434
13982,38,4,1871.81,3,4,4,344
15021,8,9,1871.77,5,5,4,554
17469,15,5,1870.97,4,4,4,444
16841,36,6,1869.82,3,5,4,354
17870,1,12,1865.89,5,5,4,554
16426,1,10,1863.76,5,5,4,554
16201,2,4,1863.47,5,4,4,544
14887,78,1,1862.0,2,2,4,224
12423,0,8,1859.31,5,5,4,554
14305,70,3,1858.96,3,4,4,344
12963,7,8,1856.63,5,5,4,554
17293,7,9,1854.06,5,5,4,554
14472,103,8,1852.67,2,5,4,254
16979,3,6,1852.0,5,5,4,554
12383,184,5,1850.56,1,4,4,144
17873,79,5,1848.96,2,4,4,244
12381,4,5,1845.31,5,4,4,544
17519,16,6,1844.02,4,5,4,454
14524,31,9,1843.83,4,5,4,454
18180,4,6,1843.75,5,5,4,554
12950,1,3,1843.0,5,4,4,544
16102,41,3,1842.14,3,4,4,344
16455,63,7,1841.18,3,5,4,354
14113,3,4,1840.42,5,4,4,544
14216,2,4,1839.3,5,4,4,544
13924,1,6,1838.85,5,5,4,554
17015,28,3,1838.61,4,4,4,444
14459,154,1,1837.92,2,2,4,224
18287,42,3,1837.28,3,4,4,344
13650,16,6,1836.34,4,5,4,454
15827,72,14,1836.09,2,5,4,254
14665,60,5,1835.7,3,4,4,344
13421,39,2,1833.71,3,3,4,334
16152,268,1,1829.04,1,2,4,124
15203,25,6,1827.8,4,5,4,454
17702,29,4,1824.37,4,4,4,444
16153,49,5,1824.23,3,4,4,344
17705,2,9,1823.52,5,5,4,554
16169,7,4,1822.97,5,4,4,544
17828,22,4,1820.09,4,4,4,444
13048,13,4,1819.41,4,4,4,444
17787,152,4,1817.54,2,4,4,244
17629,5,8,1814.12,5,5,4,554
15260,99,7,1810.77,2,5,4,254
16474,6,7,1810.65,5,5,4,554
13481,45,5,1804.56,3,4,4,344
17663,25,7,1802.91,4,5,4,454
15812,106,5,1801.14,2,4,4,244
16249,52,5,1800.07,3,4,4,344
13562,81,3,1799.33,2,4,4,244
13196,10,4,1797.78,5,4,4,544
17648,60,4,1797.5,3,4,4,344
12348,74,4,1797.24,2,4,4,244
18235,71,3,1796.48,2,4,4,244
13134,85,4,1793.58,2,4,4,244
18179,8,6,1793.17,5,5,4,554
18122,7,6,1793.06,5,5,4,554
13510,0,4,1791.56,5,4,4,544
12523,18,11,1789.77,4,5,4,454
14215,11,6,1789.72,5,5,4,554
14621,0,5,1788.36,5,4,4,544
13875,53,5,1786.79,3,4,4,344
14608,3,4,1785.15,5,4,4,544
14935,296,1,1784.71,1,2,4,124
15220,51,6,1778.96,3,5,4,354
12645,33,4,1775.18,3,4,4,344
17092,49,4,1774.03,3,4,4,344
15594,15,5,1771.78,4,4,4,444
15473,13,7,1771.2,4,5,4,454
16681,72,6,1770.34,2,5,4,254
16719,14,7,1770.22,4,5,4,454
13456,17,6,1766.72,4,5,4,454
16751,30,1,1764.72,4,2,4,424
12424,162,2,1760.96,2,3,4,234
12823,74,5,1759.5,2,4,4,244
12349,18,1,1757.55,4,2,4,424
15241,66,8,1756.44,3,5,4,354
16359,6,9,1750.92,5,5,4,554
13808,5,5,1747.66,5,4,4,544
15067,77,3,1744.76,2,4,4,244
15950,31,4,1744.71,4,4,4,444
16380,60,1,1743.15,3,2,4,324
13157,48,4,1741.22,3,4,4,344
14595,19,6,1740.6,4,5,4,454
17930,35,5,1740.48,3,4,4,344
17353,128,2,1740.0,2,3,4,234
17457,126,5,1737.7,2,4,4,244
15050,24,3,1737.69,4,4,4,444
14673,2,5,1736.4,5,4,4,544
17043,31,4,1735.18,4,4,4,444
14387,32,3,1727.6,3,4,4,344
13564,143,3,1724.67,2,4,4,244
17451,0,7,1721.4,5,5,4,554
14834,17,6,1720.3,4,5,4,454
15267,21,5,1717.36,4,4,4,444
17162,28,10,1715.46,4,5,4,454
13763,62,1,1714.96,3,2,4,324
17147,22,4,1714.59,4,4,4,444
14441,0,4,1712.89,5,4,4,544
17750,4,9,1710.45,5,5,4,554
12405,148,1,1710.39,2,2,4,224
15947,82,1,1708.24,2,2,4,224
12407,49,5,1708.12,3,4,4,344
16902,115,1,1706.88,2,2,4,224
15240,44,5,1706.57,3,4,4,344
16398,153,2,1705.8,2,3,4,234
16791,28,7,1705.78,4,5,4,454
12843,65,8,1702.26,3,5,4,354
17193,35,7,1699.3,3,5,4,354
13824,32,5,1698.94,3,4,4,344
17813,13,5,1698.07,4,4,4,444
12764,316,1,1693.88,1,2,4,124
16007,47,4,1693.81,3,4,4,344
14245,219,2,1693.45,1,3,4,134
16671,27,3,1692.27,4,4,4,444
16775,9,11,1691.51,5,5,4,554
15380,8,5,1690.26,5,4,4,544
17152,194,3,1689.5,1,4,4,144
12635,89,2,1689.18,2,3,4,234
13162,121,4,1688.29,2,4,4,244
13577,24,4,1687.6,4,4,4,444
17282,129,3,1685.46,2,4,4,244
15549,76,3,1681.46,2,4,4,244
16638,22,10,1680.72,4,5,4,454
13149,13,4,1676.06,4,4,4,444
17656,72,5,1674.69,2,4,4,244
13184,14,10,1668.95,4,5,4,454
17754,0,5,1664.65,5,4,4,544
12912,2,5,1662.3,5,4,4,544
12530,59,4,1662.28,3,4,4,344
15214,1,8,1661.44,5,5,4,554
15332,365,4,1661.06,1,4,4,144
12967,357,2,1660.9,1,3,4,134
16115,9,8,1660.88,5,5,4,554
14045,108,4,1659.75,2,4,4,244
15953,14,8,1657.28,4,5,4,454
15826,55,3,1654.31,3,4,4,344
16813,7,10,1652.18,5,5,4,554
16711,2,5,1651.03,5,4,4,544
14837,89,4,1649.5,2,4,4,244
13647,9,4,1648.12,5,4,4,544
17284,59,6,1647.48,3,5,4,354
13750,53,5,1647.26,3,4,4,344
13012,8,8,1646.84,5,5,4,554
12657,10,4,1643.18,5,4,4,544
15002,115,4,1641.76,2,4,4,244
14573,179,9,1639.82,1,5,4,154
13627,58,5,1638.47,3,4,4,344
15024,9,10,1636.43,5,5,4,554
12398,45,1,1635.66,3,2,4,324
15122,113,3,1633.78,2,4,4,244
14164,70,2,1631.77,3,3,4,334
12377,314,2,1628.12,1,3,4,134
14759,4,3,1625.97,5,4,4,544
13425,107,3,1624.21,2,4,4,244
16515,51,5,1624.14,3,4,4,344
15172,8,5,1624.05,5,4,4,544
14937,56,3,1621.88,3,4,4,344
17101,9,4,1621.73,5,4,4,544
18161,14,5,1618.69,4,4,4,444
16987,2,7,1616.8,5,5,4,554
14336,16,4,1614.91,4,4,4,444
16992,10,5,1614.31,5,4,4,544
15791,43,2,1612.69,3,3,4,334
14312,46,6,1611.59,3,5,4,354
14918,115,2,1610.15,2,3,4,234
12868,185,6,1607.06,1,5,4,154
16817,2,9,1604.75,5,5,4,554
12947,143,6,1603.99,2,5,4,254
15660,24,9,1600.86,4,5,4,454
14178,8,7,1600.26,5,5,4,554
16496,8,3,1599.52,5,4,4,544
16466,33,7,1595.96,3,5,4,354
13850,128,1,1595.48,2,2,4,224
17673,1,6,1594.97,5,5,4,554
16801,162,4,1594.23,2,4,4,244
16676,33,4,1592.12,3,4,4,344
14970,67,4,1592.06,3,4,4,344
15611,9,13,1591.45,5,5,4,554
18178,128,4,1590.81,2,4,4,244
14442,204,2,1589.82,1,3,4,134
13614,23,4,1585.46,4,4,4,444
16332,27,7,1582.8,4,5,4,454
12393,71,4,1582.6,2,4,4,244
14719,1,5,1581.84,5,4,4,544
14587,18,9,1580.29,4,5,4,454
12607,59,1,1579.51,3,2,4,324
13814,91,2,1579.12,2,3,4,234
16889,194,3,1578.67,1,4,4,144
13186,39,3,1575.89,3,4,4,344
17671,15,4,1572.71,4,4,4,444
16283,5,5,1570.81,5,4,4,544
12865,25,2,1568.23,4,3,4,434
15906,19,7,1567.69,4,5,4,454
15111,28,3,1567.48,4,4,4,444
15532,24,4,1564.73,4,4,4,444
17204,174,4,1564.56,2,4,4,244
13659,205,2,1563.0,1,3,4,134
17085,122,5,1562.4,2,4,4,244
18239,218,5,1561.61,1,4,4,144
14038,77,3,1560.38,2,4,4,244
16394,56,5,1555.34,3,4,4,344
13313,21,5,1555.32,4,4,4,444
15620,56,3,1553.18,3,4,4,344
15117,14,5,1551.78,4,4,4,444
13634,32,5,1547.36,3,4,4,344
14229,51,3,1547.2,3,4,4,344
16790,3,6,1545.62,5,5,4,554
16369,17,3,1545.41,4,4,4,444
13397,72,5,1544.13,2,4,4,244
12818,261,1,1542.08,1,2,4,124
17837,41,8,1541.23,3,5,4,354
16365,17,9,1540.42,4,5,4,454
17159,21,3,1538.88,4,4,4,444
13849,51,2,1537.95,3,3,4,334
12877,3,12,1535.77,5,5,4,554
15392,4,4,1535.53,5,4,4,544
15625,103,4,1534.26,2,4,4,244
13320,77,4,1532.2,2,4,4,244
13107,43,4,1531.62,3,4,4,344
12759,51,3,1531.44,3,4,4,344
14321,10,5,1530.75,5,4,4,544
14567,56,2,1530.36,3,3,4,334
15701,1,4,1529.0,5,4,4,544
16244,211,2,1522.75,1,3,4,134
16066,16,5,1521.04,4,4,4,444
13213,56,5,1520.58,3,4,4,344
13764,70,3,1519.42,3,4,4,344
14267,162,3,1516.24,2,4,4,244
13791,127,2,1516.0,2,3,4,234
16748,17,5,1515.9,4,4,4,444
16053,32,2,1511.95,3,3,4,334
16434,28,7,1511.8,4,5,4,454
16910,3,8,1508.96,5,5,4,554
15265,150,2,1506.12,2,3,4,234
12937,14,4,1504.27,4,4,4,444
15916,15,8,1502.86,4,5,4,454
16279,20,3,1502.78,4,4,4,444
13810,28,3,1499.01,4,4,4,444
15530,21,4,1497.31,4,4,4,444
14414,91,7,1496.98,2,5,4,254
14704,10,9,1493.96,5,5,4,554
17002,85,3,1493.73,2,4,4,244
16880,30,7,1491.43,4,5,4,454
15057,274,2,1489.5,1,3,4,134
13110,30,7,1488.67,4,5,4,454
13692,24,3,1488.32,4,4,4,444
17553,129,1,1487.6,2,2,4,224
14758,144,4,1484.06,2,4,4,244
16395,60,5,1482.06,3,4,4,344
18016,31,5,1477.66,4,4,4,444
14878,12,9,1476.09,5,5,4,554
14403,129,4,1475.81,2,4,4,244
16755,113,3,1475.43,2,4,4,244
12826,2,7,1474.72,5,5,4,554
14246,110,3,1474.06,2,4,4,244
14963,9,5,1472.34,5,4,4,544
15128,59,4,1471.0,3,4,4,344
17590,1,3,1468.02,5,4,4,544
16016,2,8,1465.51,5,5,4,554
14875,107,2,1465.32,2,3,4,234
15983,21,4,1465.12,4,4,4,444
12882,8,2,1463.04,5,3,4,534
14233,48,4,1462.72,3,4,4,344
17063,20,7,1461.14,4,5,4,454
16996,29,6,1456.96,4,5,4,454
13309,6,5,1456.79,5,4,4,544
13477,37,6,1454.58,3,5,4,354
14541,58,8,1453.35,3,5,4,354
16059,65,6,1453.16,3,5,4,354
14404,33,6,1449.32,3,5,4,354
14740,196,3,1448.21,1,4,4,144
17073,17,4,1446.09,4,4,4,444
13717,31,6,1445.01,4,5,4,454
13461,38,3,1445.0,3,4,4,344
17175,43,4,1443.69,3,4,4,344
14071,3,8,1437.57,5,5,4,554
15987,11,7,1432.77,5,5,4,554
14566,110,1,1432.0,2,2,4,224
16503,106,4,1431.93,2,4,4,244
13475,190,4,1431.78,1,4,4,144
15427,32,3,1430.54,3,4,4,344
16103,6,6,1429.64,5,5,4,554
13159,8,4,1429.35,5,4,4,544
14035,28,5,1428.02,4,4,4,444
15858,15,5,1427.57,4,4,4,444
15681,24,5,1426.16,4,4,4,444
17571,49,4,1425.67,3,4,4,344
15106,17,5,1422.52,4,4,4,444
16463,20,4,1422.4,4,4,4,444
16571,26,3,1421.69,4,4,4,444
14019,46,3,1421.61,3,4,4,344
14901,10,9,1421.29,5,5,4,554
14443,53,4,1420.2,3,4,4,344
16173,15,6,1418.32,4,5,4,454
17856,1,4,1418.03,5,4,4,544
17288,8,7,1417.63,5,5,4,554
14748,28,5,1415.75,4,4,4,444
16348,31,7,1415.65,4,5,4,454
16012,34,3,1415.29,3,4,4,344
16245,23,3,1413.66,4,4,4,444
15237,1,4,1412.32,5,4,4,544
15444,8,2,1411.21,5,3,4,534
15596,100,5,1406.59,2,4,4,244
17083,108,3,1405.78,2,4,4,244
16271,2,5,1404.64,5,4,4,544
15426,18,5,1404.07,4,4,4,444
18116,67,8,1403.11,3,5,4,354
14649,4,4,1402.59,5,4,4,544
15563,21,4,1400.44,4,4,4,444
14741,11,6,1400.34,5,5,4,554
15478,39,2,1399.92,3,3,4,334
18202,199,3,1396.99,1,4,4,144
13995,14,5,1393.69,4,4,4,444
17354,50,1,1393.06,3,2,4,324
15810,78,4,1391.98,2,4,4,244
13414,133,3,1390.5,2,4,4,244
13516,20,3,1389.41,4,4,4,444
16539,2,4,1388.81,5,4,4,544
15134,14,8,1387.99,4,5,4,454
12952,5,4,1387.79,5,4,4,544
12775,16,5,1386.04,4,4,4,444
13308,22,3,1385.51,4,4,4,444
18167,22,3,1384.86,4,4,4,444
17311,77,2,1384.85,2,3,4,234
13572,205,1,1384.25,1,2,4,124
15898,0,5,1383.83,5,4,4,544
15051,22,3,1383.36,4,4,4,444
14116,19,5,1382.74,4,4,4,444
16389,52,4,1382.07,3,4,4,344
17621,20,3,1379.9,4,4,4,444
12886,67,2,1378.4,3,3,4,334
15569,103,5,1375.71,2,4,4,244
14434,21,6,1372.8,4,5,4,454
15453,1,7,1371.77,5,5,4,554
17676,3,6,1371.18,5,5,4,554
15095,103,4,1370.6,2,4,4,244
14507,23,6,1367.88,4,5,4,454
13813,39,4,1366.86,3,4,4,344
14897,7,4,1366.38,5,4,4,544
13396,28,2,1360.99,4,3,4,434
16726,25,5,1358.74,4,4,4,444
17054,27,5,1356.33,4,4,4,444
14859,12,4,1353.74,5,4,4,544
15116,17,4,1352.75,4,4,4,444
16079,16,3,1352.0,4,4,4,444
16493,79,4,1351.63,2,4,4,244
12770,210,1,1351.45,1,2,4,124
15411,25,4,1348.93,4,4,4,444
16669,23,3,1348.88,4,4,4,444
12646,4,2,1346.97,5,3,4,534
14154,238,2,1345.62,1,3,4,134
15398,15,2,1345.53,4,3,4,434
12463,52,4,1344.78,3,4,4,344
16317,119,3,1341.65,2,4,4,244
13743,2,7,1341.6,5,5,4,554
18177,30,6,1340.87,4,5,4,454
16045,119,4,1340.7,2,4,4,244
13501,287,1,1340.32,1,2,4,124
15734,114,2,1339.45,2,3,4,234
12620,14,3,1339.41,4,4,4,444
15059,40,9,1337.72,3,5,4,354
17372,40,8,1337.18,3,5,4,354
12919,7,6,1335.19,5,5,4,554
14064,28,5,1334.34,4,4,4,444
15680,8,3,1333.68,5,4,4,544
17932,28,3,1331.57,4,4,4,444
12676,24,6,1331.39,4,5,4,454
16295,9,4,1328.55,5,4,4,544
13232,12,7,1328.35,5,5,4,554
15146,164,2,1327.16,2,3,4,234
17633,30,4,1324.84,4,4,4,444
17095,22,3,1324.16,4,4,4,444
16110,44,3,1320.95,3,4,4,344
14591,14,4,1320.21,4,4,4,444
14794,2,7,1319.91,5,5,4,554
16083,100,2,1317.62,2,3,4,234
12526,0,3,1316.66,5,4,4,544
12854,78,3,1316.25,2,4,4,244
14921,29,2,1316.07,4,3,4,434
12576,35,5,1315.83,3,4,4,344
14511,10,5,1314.81,5,4,4,544
14973,106,3,1314.45,2,4,4,244
14738,42,7,1314.45,3,5,4,354
16040,64,3,1313.55,3,4,4,344
12364,7,4,1313.1,5,4,4,544
17004,45,2,1312.14,3,3,4,334
12516,77,2,1312.06,2,3,4,234
14477,19,4,1309.6,4,4,4,444
16120,58,4,1309.14,3,4,4,344
14047,8,5,1308.61,5,4,4,544
13328,315,1,1308.48,1,2,4,124
14297,17,4,1305.33,4,4,4,444
12507,133,3,1304.81,2,4,4,244
17919,87,1,1304.04,2,2,4,224
15813,207,2,1303.91,1,3,4,134
16370,81,4,1301.91,2,4,4,244
15108,141,4,1300.25,2,4,4,244
13168,35,4,1299.59,3,4,4,344
16464,19,3,1298.66,4,4,4,444
12488,9,3,1298.66,5,4,4,544
12372,71,3,1298.04,2,4,4,244
15602,7,9,1297.87,5,5,4,554
17961,20,39,1296.44,4,5,4,454
16929,3,7,1295.39,5,5,4,554
16224,56,4,1295.3,3,4,4,344
15621,3,4,1293.03,5,4,4,544
16744,10,7,1291.91,5,5,4,554
16101,70,1,1290.7,3,2,4,324
14856,35,3,1290.53,3,4,4,344
15171,330,1,1289.5,1,2,4,124
15136,2,4,1286.7,5,4,4,544
16949,3,6,1286.27,5,5,4,554
17802,81,3,1285.04,2,4,4,244
17350,7,4,1281.32,5,4,4,544
13538,42,7,1280.85,3,5,4,354
15494,20,2,1280.58,4,3,4,434
16951,134,3,1277.75,2,4,4,244
16692,255,2,1276.0,1,3,4,134
12394,63,2,1272.48,3,3,4,334
13878,54,1,1271.57,3,2,4,324
16899,7,6,1271.06,5,5,4,554
12630,9,2,1270.88,5,3,4,534
13492,135,3,1269.84,2,4,4,244
14898,22,6,1269.31,4,5,4,454
13431,66,2,1269.1,3,3,4,334
14916,70,4,1268.98,3,4,4,344
15199,58,4,1268.7,3,4,4,344
16660,15,4,1267.65,4,4,4,444
17037,87,1,1267.32,2,2,4,224
17158,31,3,1266.97,4,4,4,444
14105,238,1,1266.23,1,2,4,124
13989,65,2,1266.08,3,3,4,334
16842,100,3,1264.19,2,4,4,244
15497,17,2,1262.2,4,3,4,434
16688,0,4,1260.86,5,4,4,544
17388,77,4,1259.56,2,4,4,244
15009,11,3,1259.43,5,4,4,544
14669,241,3,1259.24,1,4,4,144
17019,10,4,1258.08,5,4,4,544
17412,2,7,1258.06,5,5,4,554
13151,295,1,1257.87,1,2,4,124
14931,4,5,1257.68,5,4,4,544
16639,30,3,1257.51,4,4,4,444
17481,3,4,1255.59,5,4,4,544
13848,91,3,1255.0,2,4,4,244
17262,51,5,1253.36,3,4,4,344
14383,37,3,1247.69,3,4,4,344
12689,25,2,1247.61,4,3,4,434
13029,30,3,1247.5,4,4,4,444
12494,15,7,1246.1,4,5,4,454
13860,0,5,1245.9,5,4,4,544
16531,21,7,1244.59,4,5,4,454
17584,6,2,1242.3,5,3,4,534
17588,99,3,1240.2,2,4,4,244
17731,78,4,1240.11,2,4,4,244
12985,0,2,1239.38,5,3,4,534
13476,178,2,1238.47,2,3,4,234
14893,9,2,1237.85,5,3,4,534
13931,95,2,1237.53,2,3,4,234
15201,86,5,1236.54,2,4,4,244
18080,18,2,1231.5,4,3,4,434
18171,58,5,1231.31,3,4,4,344
15910,0,8,1228.88,5,5,4,554
14913,35,4,1227.43,3,4,4,344
12997,21,4,1226.89,4,4,4,444
12412,74,3,1226.88,2,4,4,244
15841,72,4,1224.06,2,4,4,244
14428,6,5,1224.06,5,4,4,544
15376,39,3,1221.56,3,4,4,344
15004,146,1,1220.77,2,2,4,224
14745,112,5,1220.26,2,4,4,244
15227,36,5,1219.4,3,4,4,344
13208,58,6,1217.65,3,5,4,354
14698,1,5,1217.27,5,4,4,544
13491,51,10,1215.82,3,5,4,354
17410,15,5,1214.72,4,4,4,444
13055,77,3,1214.41,2,4,4,244
17774,96,4,1213.73,2,4,4,244
18263,25,3,1213.16,4,4,4,444
13918,49,2,1212.84,3,3,4,334
16653,15,2,1212.66,4,3,4,434
12464,9,8,1212.05,5,5,4,554
17653,36,4,1207.56,3,4,4,344
16762,19,3,1207.24,4,4,4,444
14684,25,5,1201.51,4,4,4,444
13158,94,4,1201.06,2,4,4,244
17320,99,3,1200.62,2,4,4,244
15605,35,5,1198.23,3,4,4,344
13118,19,5,1197.81,4,4,4,444
16794,0,10,1196.5,5,5,4,554
17720,25,4,1195.94,4,4,4,444
17526,4,4,1195.9,5,4,4,544
15145,3,4,1194.73,5,4,4,544
12611,51,1,1193.32,3,2,4,324
13882,2,5,1191.13,5,4,4,544
12462,18,2,1189.59,4,3,4,434
15737,14,8,1188.12,4,5,4,454
16612,32,4,1187.66,3,4,4,344
17800,36,9,1187.21,3,5,4,354
15630,44,2,1186.35,3,3,4,334
17058,81,3,1179.89,2,4,4,244
16950,56,3,1178.56,3,4,4,344
16042,21,5,1177.47,4,4,4,444
13752,123,6,1175.38,2,5,4,254
12885,62,3,1175.22,3,4,4,344
12640,23,3,1174.58,4,4,4,444
15306,63,3,1174.35,3,4,4,344
14857,59,2,1173.12,3,3,4,334
12358,1,2,1168.06,5,3,4,534
13500,22,3,1166.77,4,4,4,444
14487,26,6,1165.48,4,5,4,454
14737,3,3,1164.55,5,4,4,544
14261,50,2,1163.45,3,3,4,334
14447,18,5,1163.23,4,4,4,444
16800,10,1,1162.65,5,2,4,524
12546,46,2,1161.5,3,3,4,334
15088,20,2,1160.07,4,3,4,434
18168,175,6,1160.04,2,5,4,254
13499,17,5,1159.11,4,4,4,444
16184,63,6,1158.79,3,5,4,354
17867,29,6,1157.87,4,5,4,454
17348,14,5,1156.6,4,4,4,444
16637,31,4,1154.47,4,4,4,444
13611,88,3,1154.4,2,4,4,244
16062,9,4,1153.62,5,4,4,544
12710,96,3,1149.02,2,4,4,244
17505,161,2,1145.84,2,3,4,234
16766,272,2,1145.6,1,3,4,134
12769,238,1,1143.6,1,2,4,124
17770,198,5,1143.27,1,4,4,144
15985,122,2,1142.42,2,3,4,234
16270,352,1,1141.24,1,2,4,124
13330,92,3,1140.93,2,4,4,244
13819,301,3,1140.35,1,4,4,144
16172,94,5,1140.21,2,4,4,244
17135,15,7,1139.73,4,5,4,454
17500,16,3,1138.0,4,4,4,444
17302,14,5,1135.63,4,4,4,444
17242,107,2,1135.04,2,3,4,234
15489,22,3,1134.28,4,4,4,444
16989,6,6,1133.25,5,5,4,554
13282,17,3,1132.14,4,4,4,444
13310,27,3,1132.03,4,4,4,444
18125,29,4,1131.75,4,4,4,444
15500,7,4,1131.56,5,4,4,544
13447,22,3,1129.14,4,4,4,444
16714,218,3,1129.06,1,4,4,144
14824,9,4,1127.71,5,4,4,544
12609,77,3,1126.85,2,4,4,244
14708,2,3,1126.37,5,4,4,544
17470,44,5,1125.07,3,4,4,344
14129,1,5,1123.86,5,4,4,544
13772,33,3,1122.63,3,4,4,344
13486,77,3,1122.41,2,4,4,244
17562,13,7,1122.38,4,5,4,454
14723,9,6,1122.36,5,5,4,554
16807,142,3,1121.59,2,4,4,244
16086,58,5,1121.39,3,4,4,344
15730,65,3,1120.88,3,4,4,344
14276,98,3,1119.74,2,4,4,244
12842,69,2,1118.99,3,3,4,334
17894,71,8,1118.96,3,5,4,354
17788,73,2,1117.9,2,3,4,234
13591,64,3,1117.13,3,4,4,344
17585,108,4,1116.68,2,4,4,244
16350,20,4,1116.47,4,4,4,444
12679,58,4,1113.02,3,4,4,344
14817,199,2,1110.34,1,3,4,134
15069,178,1,1109.53,2,2,4,224
12399,118,4,1108.65,2,4,4,244
15933,20,3,1107.46,4,4,4,444
16833,0,4,1106.53,5,4,4,544
12857,210,2,1106.4,1,3,4,134
14102,4,5,1105.88,5,4,4,544
17609,40,5,1105.78,3,4,4,344
13064,12,4,1105.59,5,4,4,544
14948,22,6,1101.97,4,5,4,454
15716,145,4,1101.11,2,4,4,244
17047,84,3,1100.9,2,4,4,244
14410,91,9,1100.27,2,5,4,254
14744,15,7,1099.98,4,5,4,454
15978,76,1,1098.78,2,2,4,224
13104,2,6,1098.48,5,5,4,554
17966,37,5,1098.43,3,4,4,344
14971,34,3,1097.98,3,4,4,344
14161,215,3,1097.62,1,4,4,144
16225,44,5,1096.32,3,4,4,344
13211,9,3,1095.42,5,4,4,544
13652,45,3,1095.08,3,4,4,344
15745,18,4,1094.59,4,4,4,444
15608,27,4,1093.68,4,4,4,444
18189,77,2,1090.24,2,3,4,234
13853,56,1,1090.14,3,2,4,324
12534,130,1,1089.18,2,2,4,224
15763,31,2,1086.92,4,3,4,434
16533,18,3,1082.81,4,4,4,444
13610,11,7,1082.33,5,5,4,554
14561,75,3,1080.76,2,4,4,244
13744,94,2,1080.52,2,3,4,234
13726,38,2,1079.66,3,3,4,334
15197,10,3,1079.61,5,4,4,544
12354,231,1,1079.4,1,2,4,124
14352,156,4,1078.96,2,4,4,244
16094,11,4,1078.23,5,4,4,544
16563,53,1,1077.74,3,2,4,324
13715,280,5,1077.39,1,4,4,144
16049,39,3,1074.81,3,4,4,344
13131,22,3,1073.3,4,4,4,444
15712,8,5,1072.36,5,4,4,544
15238,28,3,1071.99,4,4,4,444
13467,10,2,1071.91,5,3,4,534
13521,0,3,1071.73,5,4,4,544
17041,26,3,1071.49,4,4,4,444
13635,67,1,1071.03,3,2,4,324
17522,1,5,1070.71,5,4,4,544
13761,49,2,1070.65,3,3,4,334
14212,89,1,1070.48,2,2,4,224
16200,3,2,1068.87,5,3,4,534
16918,49,6,1068.82,3,5,4,354
15436,11,3,1067.75,5,4,4,544
15027,30,4,1066.15,4,4,4,444
17277,227,2,1065.35,1,3,4,134
14488,67,1,1064.28,3,2,4,324
12951,8,6,1064.07,5,5,4,554
15801,45,3,1063.95,3,4,4,344
12936,16,4,1063.9,4,4,4,444
12815,147,2,1063.46,2,3,4,234
14411,310,1,1063.0,1,2,4,124
16214,170,3,1062.75,2,4,4,244
15706,63,4,1060.56,3,4,4,344
17727,14,1,1060.25,4,2,4,424
18130,14,3,1059.39,4,4,4,444
17214,59,6,1059.12,3,5,4,354
13455,24,2,1058.34,4,3,4,434
15977,16,2,1054.73,4,3,4,434
12716,3,2,1053.49,5,3,4,534
14419,10,6,1051.79,5,5,4,554
16416,26,3,1051.4,4,4,4,444
15329,38,3,1049.7,3,4,4,344
14078,101,6,1049.37,2,5,4,254
17287,25,7,1049.06,4,5,4,454
15839,32,3,1048.49,3,4,4,344
16728,45,4,1048.28,3,4,4,344
15777,240,4,1047.11,1,4,4,144
15407,33,4,1046.74,3,4,4,344
16520,185,3,1046.57,1,4,4,144
14293,2,4,1046.56,5,4,4,544
15464,337,1,1044.65,1,2,4,124
15192,119,3,1044.32,2,4,4,244
14389,64,2,1043.46,3,3,4,334
15073,9,3,1043.41,5,4,4,544
12497,81,1,1043.1,2,2,4,224
13719,14,5,1041.68,4,4,4,444
18221,21,5,1041.61,4,4,4,444
15434,7,5,1041.48,5,4,4,544
16320,171,2,1038.46,2,3,4,234
14465,246,3,1038.44,1,4,4,144
16175,93,4,1037.59,2,4,4,244
17042,2,5,1036.58,5,4,4,544
12691,27,6,1035.8,4,5,4,454
16260,50,1,1035.45,3,2,4,324
13639,73,1,1033.34,2,2,4,224
14584,168,4,1033.06,2,4,4,244
17724,70,3,1033.0,3,4,4,344
15996,87,6,1032.58,2,5,4,254
12599,28,7,1032.58,4,5,4,454
12724,4,4,1031.41,5,4,4,544
17405,0,3,1031.41,5,4,4,544
13235,211,1,1031.07,1,2,4,124
12717,150,2,1030.98,2,3,4,234
13253,156,2,1030.4,2,3,4,234
17033,85,3,1030.14,2,4,4,244
15333,207,1,1028.56,1,2,4,124
16980,254,2,1028.46,1,3,4,134
16682,4,5,1028.0,5,4,4,544
16160,64,2,1025.44,3,3,4,334
14904,1,2,1025.44,5,3,4,534
15658,189,5,1024.1,1,4,4,144
17096,14,4,1022.13,4,4,4,444
14346,120,2,1021.58,2,3,4,234
13165,45,2,1021.48,3,3,4,334
12572,8,2,1020.42,5,3,4,534
13376,98,3,1019.76,2,4,4,244
18142,156,2,1019.52,2,3,4,234
13956,4,5,1019.27,5,4,4,544
12828,2,6,1018.71,5,5,4,554
12514,266,1,1017.68,1,2,4,124
13728,36,6,1016.14,3,5,4,354
12642,24,3,1013.26,4,4,4,444
12739,77,2,1013.04,2,3,4,234
17197,29,1,1013.01,4,2,4,424
14195,201,2,1012.0,1,3,4,134
14775,57,3,1011.9,3,4,4,344
16229,86,2,1010.6,2,3,4,234
14446,0,4,1010.35,5,4,4,544
12849,30,2,1010.29,4,3,4,434
13032,51,2,1010.18,3,3,4,334
14224,109,4,1009.73,2,4,4,244
16572,126,3,1009.6,2,4,4,244
16174,125,3,1009.55,2,4,4,244
17951,39,3,1008.54,3,4,4,344
17646,218,3,1008.39,1,4,4,144
14631,50,3,1006.98,3,4,4,344
13429,10,4,1006.8,5,4,4,544
13867,30,3,1005.09,4,4,4,444
14214,30,5,1004.38,4,4,4,444
13410,23,5,1003.06,4,4,4,444
14083,3,9,1002.9,5,5,4,554
12446,57,1,1002.31,3,2,4,324
12545,74,2,1000.39,2,3,4,234
15508,188,6,1000.27,1,5,4,154
18143,116,2,1000.16,2,3,4,234
12722,84,4,997.63,2,4,4,244
15110,23,4,996.1,4,4,4,444
15104,196,2,993.54,1,3,4,134
17594,84,2,993.18,2,3,4,234
13363,17,2,992.5,4,3,4,434
14223,91,3,991.13,2,4,4,244
16232,43,4,990.88,3,4,4,344
14514,60,3,990.2,3,4,4,344
17126,151,5,989.45,2,4,4,244
15062,70,4,987.86,3,4,4,344
18237,2,5,987.1,5,4,4,544
14583,5,5,986.96,5,4,4,544
17324,17,4,986.48,4,4,4,444
13117,21,8,984.91,4,5,4,454
17144,0,2,984.57,5,3,4,534
12510,142,2,982.57,2,3,4,234
15133,127,3,982.42,2,4,4,244
15071,93,2,982.07,2,3,4,234
16188,44,4,981.86,3,4,4,344
16085,22,5,981.51,4,4,4,444
12541,29,3,981.18,4,4,4,444
18170,32,3,980.31,3,4,4,344
13509,8,7,979.72,5,5,4,554
13350,15,2,979.12,4,3,4,434
15132,17,5,977.93,4,4,4,444
14920,212,2,977.77,1,3,4,134
13026,0,5,975.36,5,4,4,544
16376,8,2,974.96,5,3,4,534
14522,23,4,974.54,4,4,4,444
15449,25,3,974.52,4,4,4,444
12994,3,3,974.42,5,4,4,544
18194,81,1,973.84,2,2,4,224
16009,21,4,972.11,4,4,4,444
15506,22,3,972.08,4,4,4,444
13155,32,4,971.76,3,4,4,344
17100,17,2,971.74,4,3,4,434
14256,259,2,969.06,1,3,4,134
14138,1,2,965.88,5,3,4,534
15793,14,3,965.61,4,4,4,444
15860,40,8,965.16,3,5,4,354
12550,78,1,964.83,2,2,4,224
13138,21,6,962.39,4,5,4,454
14006,115,3,962.19,2,4,4,244
15156,0,3,961.49,5,4,4,544
16419,112,6,958.71,2,5,4,254
18192,71,1,957.97,2,2,4,224
13823,18,2,957.66,4,3,4,434
12697,28,3,957.59,4,4,4,444
14629,3,2,955.26,5,3,4,534
15948,7,2,955.24,5,3,4,534
17244,52,1,954.9,3,2,4,324
17097,1,8,954.42,5,5,4,554
15835,43,4,954.09,3,4,4,344
14540,9,3,952.66,5,4,4,544
15421,58,4,950.36,3,4,4,344
13636,36,5,949.12,3,4,4,344
12822,70,2,948.88,3,3,4,334
17044,24,1,948.48,4,2,4,424
13748,95,5,948.25,2,4,4,244
12458,70,2,947.4,3,3,4,334
15747,12,3,946.64,5,4,4,544
13261,268,2,944.1,1,3,4,134
12820,2,4,942.34,5,4,4,544
14075,4,3,942.26,5,4,4,544
15289,28,3,939.78,4,4,4,444
17527,53,4,939.37,3,4,4,344
17227,18,6,939.32,4,5,4,454
16584,79,2,936.08,2,3,4,234
14140,3,2,935.05,5,3,4,534
16027,91,6,934.62,2,5,4,254
12924,87,4,933.7,2,4,3,243
15787,25,3,933.26,4,4,3,443
13655,113,2,932.97,2,3,3,233
14532,235,4,932.85,1,4,3,143
18133,211,1,931.5,1,2,3,123
16934,54,2,931.03,3,3,3,333
17289,31,3,931.02,4,4,3,443
17552,59,4,930.41,3,4,3,343
17618,5,3,930.28,5,4,3,543
16907,28,5,928.76,4,4,3,443
14475,71,3,925.85,2,4,3,243
14231,183,3,925.71,1,4,3,143
17048,117,3,925.35,2,4,3,243
15312,74,4,924.85,2,4,3,243
13805,51,2,924.6,3,3,3,333
15654,8,2,922.53,5,3,3,533
13122,93,2,922.39,2,3,3,233
16551,95,3,922.12,2,4,3,243
13934,263,1,922.1,1,2,3,123
13035,73,2,921.88,2,3,3,233
14081,301,2,921.62,1,3,3,133
15576,37,1,921.37,3,2,3,323
13984,26,5,920.51,4,4,3,443
17018,40,2,920.1,3,3,3,333
12652,330,1,919.98,1,2,3,123
13075,129,1,919.61,2,2,3,223
16511,21,3,918.33,4,4,3,443
13549,25,7,918.2,4,5,3,453
15253,15,5,918.2,4,4,3,443
14015,52,1,917.34,3,2,3,323
14712,28,3,917.07,4,4,3,443
15707,34,4,916.98,3,4,3,343
17236,12,6,916.13,5,5,3,553
14141,2,4,915.13,5,4,3,543
16216,266,1,914.93,1,2,3,123
16809,22,5,914.69,4,4,3,443
15587,49,4,913.68,3,4,3,343
15364,95,2,913.19,2,3,3,233
14359,18,3,912.18,4,4,3,443
13192,94,2,911.94,2,3,3,233
14289,8,6,911.26,5,5,3,553
13689,62,1,910.0,3,2,3,323
13782,12,6,908.86,5,5,3,553
13038,79,3,908.46,2,3,3,233
17323,14,7,906.52,4,5,3,453
15480,115,1,905.5,2,2,3,223
15807,49,3,903.9,3,3,3,333
16716,266,2,901.2,1,3,3,133
17848,80,9,901.2,2,5,3,253
15511,11,5,900.53,5,4,3,543
12940,54,2,899.69,3,3,3,333
14625,195,2,899.63,1,3,3,133
15079,212,4,895.61,1,4,3,143
15865,40,3,895.13,3,3,3,333
15211,59,2,894.41,3,3,3,333
15066,52,1,893.59,3,2,3,323
12772,59,1,892.47,3,2,3,323
16361,9,4,891.21,5,4,3,543
13515,72,4,891.12,2,4,3,243
15255,66,1,890.85,3,2,3,323
14240,29,2,890.34,4,3,3,433
14344,126,8,889.93,2,5,3,253
17007,50,6,889.93,3,5,3,353
17829,298,1,889.24,1,2,3,123
17537,29,2,887.67,4,3,3,433
16900,16,3,887.11,4,3,3,433
14623,31,5,886.7,4,4,3,443
14449,18,4,885.8,4,4,3,443
15822,2,2,885.47,5,3,3,533
17704,168,2,885.19,2,3,3,233
15799,75,3,884.14,2,3,3,233
15907,3,3,882.72,5,3,3,533
18236,29,6,882.24,4,5,3,453
17109,28,6,881.29,4,5,3,453
13662,85,3,881.26,2,3,3,233
13037,137,3,881.07,2,3,3,233
15076,172,1,880.85,2,2,3,223
17027,78,6,877.56,2,5,3,253
15653,92,2,877.44,2,3,3,233
14770,231,2,876.42,1,3,3,133
15100,333,3,876.0,1,3,3,133
16513,4,4,874.59,5,4,3,543
16657,9,4,874.43,5,4,3,543
13294,189,2,873.74,1,3,3,133
15208,0,5,870.12,5,4,3,543
13200,18,4,870.09,4,4,3,443
13979,72,1,869.87,2,2,3,223
17566,7,2,869.77,5,3,3,533
12694,69,2,869.67,3,3,3,333
13203,9,4,869.46,5,4,3,543
17886,31,3,869.28,4,3,3,433
17649,137,1,868.49,2,2,3,223
14912,16,2,867.85,4,3,3,433
14715,24,4,867.38,4,4,3,443
16235,40,5,867.31,3,4,3,343
14597,10,2,866.24,5,3,3,533
16567,193,2,865.6,1,3,3,133
13846,24,3,865.06,4,3,3,433
12680,0,4,862.81,5,4,3,543
16266,73,7,861.89,2,5,3,253
16221,36,3,860.86,3,3,3,333
12794,52,2,860.41,3,3,3,333
13339,200,1,860.12,1,2,3,123
14577,12,4,859.71,5,4,3,543
14553,18,5,859.27,4,4,3,443
13566,40,2,856.84,3,3,3,333
16163,231,2,856.6,1,3,3,133
12693,126,4,855.91,2,4,3,243
17064,58,3,855.45,3,3,3,333
16037,269,3,855.02,1,3,3,133
12878,235,2,854.99,1,3,3,133
17560,94,4,854.95,2,4,3,243
16121,56,2,854.66,3,3,3,333
14193,67,2,853.39,3,3,3,333
13991,11,6,852.88,5,5,3,553
15022,11,4,852.39,5,4,3,543
12379,81,2,852.24,2,3,3,233
16070,21,2,852.15,4,3,3,433
16020,16,3,851.01,4,3,3,433
18096,11,3,849.06,5,3,3,533
12713,0,1,848.55,5,2,3,523
14657,17,4,848.22,4,4,3,443
16347,10,2,847.45,5,3,3,533
13221,239,2,847.41,1,3,3,133
16877,11,6,846.62,5,5,3,553
14803,161,3,845.55,2,3,3,233
12847,21,1,843.64,4,2,3,423
17624,14,2,843.48,4,3,3,433
17929,10,4,843.0,5,4,3,543
13929,168,2,842.65,2,3,3,233
16108,84,1,842.5,2,2,3,223
16560,26,2,841.41,4,3,3,433
14862,25,2,841.2,4,3,3,433
17076,35,3,841.08,3,3,3,333
14332,22,3,840.21,4,3,3,433
13940,16,4,839.14,4,4,3,443
17115,7,3,837.5,5,3,3,533
16554,41,3,837.1,3,3,3,333
15832,253,1,836.79,1,2,3,123
12728,70,4,836.33,3,4,3,343
16747,37,2,836.06,3,3,3,333
17169,57,2,835.78,3,3,3,333
13835,24,4,834.57,4,4,3,443
17075,17,4,834.12,4,4,3,443
16644,177,2,833.78,2,3,3,233
15862,7,4,832.88,5,4,3,543
14644,67,2,830.76,3,3,3,333
16924,20,3,829.89,4,3,3,433
13681,17,4,827.83,4,4,3,443
12461,93,2,826.88,2,3,3,233
12781,63,2,826.74,3,3,3,333
16494,296,1,826.53,1,2,3,123
12427,21,3,825.8,4,3,3,433
15164,68,3,824.58,3,3,3,333
16164,16,3,822.48,4,3,3,433
12778,19,6,822.23,4,5,3,453
13893,297,1,821.1,1,2,3,123
17921,63,4,820.23,3,4,3,343
17759,16,3,819.96,4,3,3,433
13220,77,4,819.29,2,4,3,243
16092,114,3,817.86,2,3,3,233
16869,22,4,817.12,4,4,3,443
16943,211,3,816.73,1,3,3,133
15649,335,2,816.0,1,3,3,133
15399,0,3,815.77,5,3,3,533
13811,183,3,814.5,1,3,3,133
18064,132,2,814.0,2,3,3,233
16600,3,6,813.52,5,5,3,553
16621,51,4,813.48,3,4,3,343
14421,56,2,813.11,3,3,3,333
16284,30,2,812.68,4,3,3,433
17980,165,3,811.45,2,3,3,233
16460,27,3,811.23,4,3,3,433
16276,176,1,810.6,2,2,3,223
16624,80,2,810.57,2,3,3,233
15965,16,4,808.87,4,4,3,443
14499,25,3,808.44,4,3,3,433
15533,18,3,807.57,4,3,3,433
12421,15,4,807.04,4,4,3,443
13707,266,2,806.41,1,3,3,133
12434,84,2,806.14,2,3,3,233
13637,51,3,804.3,3,3,3,333
18248,122,2,804.02,2,3,3,233
12422,95,3,803.56,2,3,3,233
15644,165,4,803.54,2,4,3,243
18265,71,2,801.51,2,3,3,233
17114,5,8,801.12,5,5,3,553
16367,36,2,800.67,3,3,3,333
15561,11,4,800.59,5,4,3,543
13720,116,4,799.9,2,4,3,243
17905,70,4,798.99,3,4,3,343
17703,34,3,798.74,3,3,3,333
13280,121,3,798.46,2,3,3,233
16438,5,5,798.35,5,4,3,543
13389,10,3,797.96,5,3,3,533
12701,79,2,797.71,2,3,3,233
13336,76,1,795.12,2,2,3,223
15831,57,3,794.64,3,3,3,333
15990,43,2,792.11,3,3,3,333
13167,18,4,791.33,4,4,3,443
14976,56,7,790.86,3,5,3,353
13016,72,3,789.89,2,3,3,233
16759,7,3,789.79,5,3,3,533
13329,31,2,789.0,4,3,3,433
14557,84,1,788.38,2,2,3,223
13323,2,5,787.85,5,4,3,543
13884,6,5,787.6,5,4,3,543
16546,290,2,787.15,1,3,3,133
13212,19,3,786.83,4,3,3,433
13109,59,2,786.54,3,3,3,333
12628,3,3,786.46,5,3,3,533
15806,45,3,784.58,3,3,3,333
18136,62,3,784.33,3,3,3,333
17180,55,4,783.97,3,4,3,343
16054,144,1,783.9,2,2,3,223
15952,33,4,781.91,3,4,3,343
17006,4,4,781.78,5,4,3,543
15679,23,4,781.28,4,4,3,443
13583,155,1,781.03,2,2,3,223
15239,9,2,780.59,5,3,3,533
17797,21,3,780.43,4,3,3,433
18228,56,2,779.9,3,3,3,333
12735,314,2,779.57,1,3,3,133
17411,11,3,778.94,5,3,3,533
13375,88,1,778.65,2,2,3,223
14815,36,2,778.5,3,3,3,333
17414,43,2,778.0,3,3,3,333
16505,31,1,777.6,4,2,3,423
13563,83,2,777.53,2,3,3,233
12425,77,1,777.2,2,2,3,223
15618,32,4,776.85,3,4,3,343
15743,15,4,775.96,4,4,3,443
13314,1,3,775.94,5,3,3,533
13341,260,1,775.85,1,2,3,123
16825,38,2,775.18,3,3,3,333
15414,9,3,774.9,5,3,3,533
16043,37,4,773.99,3,4,3,343
16222,317,1,773.55,1,2,3,123
15075,77,1,773.03,2,2,3,223
17764,50,2,772.55,3,3,3,333
17409,184,2,771.85,1,3,3,133
15353,254,2,770.12,1,3,3,133
14412,42,2,770.03,3,3,3,333
12965,88,1,769.81,2,2,3,223
16480,75,1,769.29,2,2,3,223
13356,79,1,768.24,2,2,3,223
14672,234,2,765.55,1,3,3,133
17695,131,2,765.34,2,3,3,233
14885,131,1,765.32,2,2,3,223
17516,14,5,764.88,4,4,3,443
17268,107,4,763.64,2,4,3,243
17466,9,2,763.28,5,3,3,533
16806,102,4,762.16,2,4,3,243
15599,26,2,761.74,4,3,3,433
14883,18,6,761.59,4,5,3,453
17425,18,2,759.17,4,3,3,433
16036,86,2,758.92,2,3,3,233
15568,2,3,758.29,5,3,3,533
16725,301,7,758.27,1,5,3,153
12413,66,3,758.1,3,3,3,333
16205,30,4,757.63,4,4,3,443
14550,10,2,757.37,5,3,3,533
16770,57,5,757.1,3,4,3,343
15223,225,2,755.75,1,3,3,133
13370,371,1,754.87,1,2,3,123
18104,36,1,754.64,3,2,3,323
14234,21,4,754.12,4,4,3,443
16470,51,4,752.77,3,4,3,343
13730,135,2,752.6,2,3,3,233
13030,10,2,752.44,5,3,3,533
16256,266,1,752.43,1,2,3,123
12908,175,2,750.0,2,3,3,233
17146,105,3,749.78,2,3,3,233
14923,50,1,749.1,3,2,3,323
15656,44,4,748.5,3,4,3,343
16859,144,2,747.81,2,3,3,233
14201,59,7,747.44,3,5,3,353
17387,19,2,746.81,4,3,3,433
14050,31,2,746.36,4,3,3,433
17034,15,3,745.52,4,3,3,433
14790,16,4,745.06,4,4,3,443
13950,10,4,745.06,5,4,3,543
13236,24,2,744.85,4,3,3,433
13354,70,1,743.53,3,2,3,323
16730,51,3,743.11,3,3,3,333
12374,24,1,742.93,4,2,3,423
16891,1,5,742.43,5,4,3,543
12465,16,2,742.19,4,3,3,433
14662,28,4,741.37,4,4,3,443
13753,287,1,741.26,1,2,3,123
13900,182,3,740.95,1,3,3,133
17692,126,4,740.94,2,4,3,243
15252,35,2,740.78,3,3,3,333
12603,21,1,739.2,4,2,3,423
14756,14,1,738.96,4,2,3,423
12976,211,1,738.6,1,2,3,123
17461,22,3,735.82,4,3,3,433
15074,104,1,735.67,2,2,3,223
15045,151,2,735.66,2,3,3,233
15215,46,3,734.94,3,3,3,333
15525,1,3,734.37,5,3,3,533
16146,156,3,734.13,2,3,3,233
17979,35,4,732.41,3,4,3,343
13575,22,5,732.07,4,4,3,443
16099,49,3,731.9,3,3,3,333
16491,46,1,731.5,3,2,3,323
14778,126,2,730.86,2,3,3,233
13736,4,2,729.8,5,3,3,533
12468,187,2,729.54,1,3,3,133
16261,16,4,728.54,4,4,3,443
17666,3,2,728.16,5,3,3,533
13077,0,4,728.02,5,4,3,543
13623,30,5,727.74,4,4,3,443
14055,105,1,725.64,2,2,3,223
16140,65,2,725.18,3,3,3,333
12723,3,5,725.07,5,4,3,543
15636,89,2,724.76,2,3,3,233
12475,53,1,723.38,3,2,3,323
17521,29,3,723.21,4,3,3,433
15272,56,2,721.94,3,3,3,333
14869,8,2,721.45,5,3,3,533
15584,23,4,720.86,4,4,3,443
18062,172,3,720.52,2,3,3,233
16023,45,3,719.81,3,3,3,333
15274,3,2,716.57,5,3,3,533
12535,91,2,716.35,2,3,3,233
15400,91,5,716.2,2,4,3,243
17029,110,2,716.0,2,3,3,233
17888,20,8,716.0,4,5,3,453
15330,31,2,714.96,4,3,3,433
15757,65,2,714.42,3,3,3,333
18035,35,3,713.89,3,3,3,333
12616,94,2,713.3,2,3,3,233
13169,63,2,712.88,3,3,3,333
13147,9,4,712.8,5,4,3,543
17761,32,1,712.78,3,2,3,323
13416,43,2,712.5,3,3,3,333
13587,63,1,712.4,3,2,3,323
17642,119,2,712.29,2,3,3,233
15855,136,5,712.24,2,4,3,243
13705,7,3,711.86,5,3,3,533
17179,177,3,711.79,2,3,3,233
13249,91,3,711.41,2,3,3,233
14867,185,3,710.28,1,3,3,133
16362,31,5,709.99,4,4,3,443
14127,122,3,709.71,2,3,3,233
16136,59,3,709.38,3,3,3,333
15951,8,2,708.22,5,3,3,533
16449,197,2,707.69,1,3,3,133
12453,133,1,707.09,2,2,3,223
16309,105,2,706.57,2,3,3,233
14126,7,3,706.13,5,3,3,533
16364,11,2,705.79,5,3,3,533
16882,66,3,705.12,3,3,3,333
16015,3,3,704.55,5,3,3,533
17934,51,2,704.25,3,3,3,333
12612,73,1,704.04,2,2,3,223
17974,24,3,703.99,4,3,3,433
12883,24,4,703.47,4,4,3,443
15103,30,2,703.36,4,3,3,433
16997,287,3,702.0,1,3,3,133
14179,40,2,701.57,3,3,3,333
14198,17,4,701.4,4,4,3,443
14356,79,2,701.23,2,3,3,233
13238,16,4,700.73,4,4,3,443
17734,53,3,700.63,3,3,3,333
17812,12,4,699.81,5,4,3,543
17423,45,2,698.41,3,3,3,333
14829,28,4,697.55,4,4,3,443
17472,190,3,697.54,1,3,3,133
15800,106,2,696.89,2,3,3,233
15700,171,2,696.68,2,3,3,233
14009,197,2,695.61,1,3,3,133
14959,63,4,695.42,3,4,3,343
17884,3,4,695.07,5,4,3,543
15304,60,8,694.4,3,5,3,353
12925,4,2,694.05,5,3,3,533
15053,4,3,693.95,5,3,3,533
14643,169,2,693.81,2,3,3,233
12410,308,2,693.33,1,3,3,133
13601,44,2,693.32,3,3,3,333
14111,13,4,692.85,4,4,3,443
17198,23,3,692.22,4,3,3,433
17733,38,2,692.19,3,3,3,333
14880,76,3,690.59,2,3,3,233
16212,18,2,690.34,4,3,3,433
17796,39,4,690.0,3,4,3,343
18085,329,2,689.95,1,3,3,133
13023,63,2,689.9,3,3,3,333
15181,65,3,689.48,3,3,3,333
17502,8,4,689.1,5,4,3,543
13799,116,2,688.86,2,3,3,233
16642,4,2,688.33,5,3,3,533
18196,94,2,686.63,2,3,3,233
12658,18,1,686.05,4,2,3,423
15038,58,6,685.74,3,5,3,353
16122,72,4,684.42,2,4,3,243
15669,39,4,684.34,3,4,3,343
17874,184,6,683.46,1,5,3,153
14222,176,1,683.17,2,2,3,223
15582,24,3,682.91,4,3,3,433
17341,156,3,682.29,2,3,3,233
18135,28,5,681.91,4,4,3,443
17397,21,2,681.41,4,3,3,433
12478,3,1,680.99,5,2,3,523
18082,25,1,680.84,4,2,3,423
13524,40,5,680.18,3,4,3,343
16872,76,3,680.02,2,3,3,233
15322,85,1,679.68,2,2,3,223
13430,18,2,679.45,4,3,3,433
14788,6,2,679.44,5,3,3,533
13925,92,4,678.25,2,4,3,243
13548,95,2,678.16,2,3,3,233
13388,130,2,677.1,2,3,3,233
13040,8,2,676.99,5,3,3,533
16377,266,1,676.2,1,2,3,123
15626,74,2,675.8,2,3,3,233
17462,59,2,675.69,3,3,3,333
15574,177,4,675.64,2,4,3,243
18156,12,2,675.64,4,3,3,433
12942,130,3,675.6,2,3,3,233
13607,39,1,675.51,3,2,3,323
13325,81,1,675.3,2,2,3,223
17994,121,4,674.89,2,4,3,243
13838,5,4,674.82,5,4,3,543
13355,121,1,674.7,2,2,3,223
13464,57,1,674.68,3,2,3,323
17749,177,2,674.52,2,3,3,233
13951,175,3,674.45,2,3,3,233
14504,46,4,673.26,3,4,3,343
13258,11,3,672.83,5,3,3,533
14628,90,2,671.96,2,3,3,233
12838,33,2,671.95,3,3,3,333
12638,32,1,671.69,3,2,3,323
12418,112,1,668.58,2,2,3,223
14342,20,4,668.56,4,4,3,443
13741,71,3,668.43,2,3,3,233
16268,70,2,667.65,3,3,3,333
15969,2,3,666.1,5,3,3,533
17105,158,2,665.78,2,3,3,233
13963,307,4,664.54,1,4,3,143
17883,2,4,664.34,5,4,3,543
16208,44,2,664.26,3,3,3,333
13596,5,2,664.11,5,3,3,533
15643,191,3,664.0,1,3,3,133
14720,5,3,663.81,5,3,3,533
13240,95,4,663.65,2,4,3,243
16573,84,2,663.61,2,3,3,233
16774,67,4,661.52,3,4,3,343
13028,22,2,661.32,4,3,3,433
14603,274,1,660.0,1,2,3,123
15492,27,2,659.46,4,3,3,433
13759,32,2,659.41,3,3,3,333
16357,32,3,658.88,3,3,3,333
14150,35,2,658.64,3,3,3,333
16696,134,4,657.9,2,4,3,243
14818,73,3,657.8,2,3,3,233
17459,42,2,657.3,3,3,3,333
15677,48,1,657.23,3,2,3,323
17321,7,2,657.16,5,3,3,533
16157,15,3,656.69,4,3,3,433
13049,63,2,656.68,3,3,3,333
16708,45,1,656.63,3,2,3,323
17299,11,4,656.61,5,4,3,543
16127,38,1,656.25,3,2,3,323
14894,84,1,655.75,2,2,3,223
14725,24,1,655.58,4,2,3,423
16444,45,4,654.67,3,4,3,343
14651,66,2,653.75,3,3,3,333
17398,114,3,653.38,2,3,3,233
18151,134,2,653.35,2,3,3,233
13496,10,2,653.33,5,3,3,533
18121,148,2,653.3,2,3,3,233
15205,84,2,653.24,2,3,3,233
15031,3,4,653.19,5,4,3,543
14548,150,2,652.8,2,3,3,233
17523,10,4,652.74,5,4,3,543
16056,44,1,650.75,3,2,3,323
15571,11,4,650.43,5,4,3,543
16969,38,3,650.41,3,3,3,333
17779,20,3,650.32,4,3,3,433
14034,21,3,648.89,4,3,3,433
16495,2,3,648.26,5,3,3,533
17777,24,3,647.56,4,3,3,433
17373,39,4,646.92,3,4,3,343
16014,37,3,646.83,3,3,3,333
16734,51,3,646.76,3,3,3,333
12589,28,2,646.68,4,3,3,433
14044,26,4,646.42,4,4,3,443
15651,36,3,646.3,3,3,3,333
14855,118,2,645.65,2,3,3,233
12719,4,2,644.95,5,3,3,533
17312,138,3,644.3,2,3,3,233
14451,59,2,643.9,3,3,3,333
16383,74,2,643.76,2,3,3,233
14020,16,2,642.8,4,3,3,433
13034,54,2,642.77,3,3,3,333
15384,169,2,642.41,2,3,3,233
17545,42,3,642.32,3,3,3,333
17046,156,1,642.02,2,2,3,223
15297,9,3,641.94,5,3,3,533
18218,210,2,641.92,1,3,3,133
12365,290,2,641.38,1,3,3,133
12624,105,2,641.13,2,3,3,233
13417,4,2,640.83,5,3,3,533
13318,0,3,640.76,5,3,3,533
12631,56,1,640.5,3,2,3,323
14301,116,1,640.14,2,2,3,223
15648,203,2,639.5,1,3,3,133
17515,30,4,639.02,4,4,3,443
18160,56,2,638.06,3,3,3,333
14754,44,2,638.05,3,3,3,333
14128,60,2,637.5,3,3,3,333
14481,164,2,636.51,2,3,3,233
14664,19,2,636.24,4,3,3,433
15829,98,2,636.14,2,3,3,233
15773,5,1,635.68,5,2,3,523
14000,210,1,635.66,1,2,3,123
16139,18,3,635.41,4,3,3,433
13892,26,4,632.97,4,4,3,443
14220,246,2,632.4,1,3,3,133
16306,213,6,632.27,1,5,3,153
18183,226,2,632.07,1,3,3,133
13822,5,2,632.0,5,3,3,533
14021,154,3,631.9,2,3,3,233
15244,64,2,631.57,3,3,3,333
17985,21,1,631.35,4,2,3,423
13539,85,3,631.34,2,3,3,233
16418,44,3,631.12,3,3,3,333
17990,236,3,630.84,1,3,3,133
13046,30,2,629.31,4,3,3,433
13525,14,2,628.78,4,3,3,433
14687,106,1,628.38,2,2,3,223
13518,85,1,627.16,2,2,3,223
15028,7,4,627.13,5,4,3,543
15402,148,2,626.77,2,3,3,233
14036,284,1,626.65,1,2,3,123
12577,34,3,626.6,3,3,3,333
13914,11,2,626.45,5,3,3,533
16469,23,4,625.42,4,4,3,443
16750,44,5,623.93,3,4,3,343
12649,106,3,623.51,2,3,3,233
15147,239,1,623.5,1,2,3,123
13368,256,2,623.4,1,3,3,133
16431,212,3,623.28,1,3,3,133
15258,168,2,623.16,2,3,3,233
17499,289,1,622.88,1,2,3,123
15182,153,2,622.85,2,3,3,233
17460,93,6,622.43,2,5,3,253
15768,115,3,621.83,2,3,3,233
18217,28,2,621.75,4,3,3,433
16915,8,6,621.68,5,4,3,543
17640,86,1,621.66,2,2,3,223
14152,74,2,621.29,2,3,3,233
13402,126,2,621.23,2,3,3,233
13546,11,3,621.09,5,3,3,533
16141,87,1,620.4,2,2,3,223
12667,57,1,620.13,3,2,3,323
13493,274,2,618.63,1,3,3,133
16613,69,1,618.59,3,2,3,323
13145,39,4,618.52,3,4,3,343
12596,50,2,618.27,3,3,3,333
13301,103,4,618.09,2,4,3,243
16134,21,2,618.09,4,3,3,433
14593,21,3,617.15,4,3,3,433
14377,190,2,617.05,1,3,3,133
16311,17,2,616.26,4,3,3,433
14905,157,2,616.15,2,3,3,233
14382,25,1,615.49,4,2,3,423
15275,37,1,615.14,3,2,3,323
16566,14,5,614.66,4,4,3,443
16116,211,1,612.78,1,2,3,123
18022,35,1,612.72,3,2,3,323
12513,112,1,612.29,2,2,3,223
18149,50,3,612.08,3,3,3,333
15232,112,2,612.06,2,3,3,233
15645,18,1,612.01,4,2,3,423
16109,218,2,611.88,1,3,3,133
16763,198,1,611.85,1,2,3,123
13731,218,2,610.59,1,3,3,133
12673,4,2,610.52,5,3,3,533
15795,149,1,610.01,2,2,3,223
14636,35,2,609.85,3,3,3,333
13357,256,1,609.4,1,2,3,123
16442,1,3,609.3,5,3,3,533
13933,108,2,608.79,2,3,3,233
12933,23,3,607.53,4,3,3,433
17119,2,2,606.91,5,3,3,533
16718,368,1,606.05,1,2,3,123
17849,217,4,605.8,1,4,3,143
14133,129,3,605.64,2,3,3,233
17507,261,2,605.58,1,3,3,133
13233,73,2,605.12,2,3,3,233
14323,114,2,605.06,2,3,3,233
17664,18,2,604.64,4,3,3,433
12944,35,2,604.51,3,3,3,333
16732,31,1,603.75,4,2,3,423
12707,291,1,603.42,1,2,3,123
16022,259,1,602.63,1,2,3,123
15366,74,2,602.51,2,3,3,233
12654,10,5,601.98,5,4,3,543
14609,71,4,601.56,2,4,3,243
16654,140,4,601.27,2,4,3,243
12420,63,1,600.39,3,2,3,323
18211,25,5,600.07,4,4,3,443
12872,326,2,599.97,1,3,3,133
12521,142,1,599.68,2,2,3,223
12556,49,2,599.56,3,3,3,333
14710,13,4,599.48,4,4,3,443
17420,49,3,598.83,3,3,3,333
15720,23,1,598.73,4,2,3,423
13311,3,2,598.57,5,3,3,533
16298,22,3,598.2,4,3,3,433
14108,30,2,597.91,4,3,3,433
14645,156,2,597.09,2,3,3,233
15381,213,2,596.85,1,3,3,133
14675,15,1,596.36,4,2,3,423
14467,17,4,596.26,4,4,3,443
18246,23,2,596.1,4,3,3,433
14965,95,2,596.09,2,3,3,233
13888,119,2,595.67,2,3,3,233
17658,25,2,595.42,4,3,3,433
14284,30,2,595.25,4,3,3,433
13558,5,4,594.52,5,4,3,543
16788,122,2,594.39,2,3,3,233
16325,46,3,594.24,3,3,3,333
13959,78,3,594.04,2,3,3,233
15442,248,1,594.0,1,2,3,123
12917,127,1,594.0,2,2,3,223
16535,4,1,593.75,5,2,3,523
18232,81,4,592.97,2,4,3,243
16203,58,4,592.9,3,4,3,343
14692,136,4,591.55,2,4,3,243
15573,31,2,591.19,4,3,3,433
13276,63,2,590.93,3,3,3,333
13270,365,1,590.0,1,2,3,123
13452,258,2,590.0,1,3,3,133
14882,26,2,589.7,4,3,3,433
16838,196,2,588.85,1,3,3,133
14338,160,2,588.22,2,3,3,233
15624,116,4,588.13,2,4,3,243
17351,35,3,587.15,3,3,3,333
17890,322,2,586.89,1,3,3,133
12384,28,2,585.27,4,3,3,433
13243,202,1,585.12,1,2,3,123
15222,318,1,585.0,1,2,3,123
16384,89,2,584.5,2,3,3,233
16072,287,1,584.32,1,2,3,123
14023,6,2,584.07,5,3,3,533
13557,27,2,584.06,4,3,3,433
15762,64,2,583.75,3,3,3,333
17014,7,3,583.43,5,3,3,533
12426,194,1,582.73,1,2,3,123
13427,18,3,582.6,4,3,3,433
12695,6,4,582.1,5,4,3,543
17259,147,2,581.23,2,3,3,233
18095,312,2,580.05,1,3,3,133
17142,238,1,579.0,1,2,3,123
13292,38,2,578.94,3,3,3,333
17540,24,2,578.9,4,3,3,433
16005,11,4,578.71,5,4,3,543
14529,59,3,578.61,3,3,3,333
12601,189,5,577.06,1,4,3,143
14176,296,4,576.9,1,4,3,143
16723,90,2,576.4,2,3,3,233
15830,37,1,576.0,3,2,3,323
15550,3,4,575.63,5,4,3,543
13487,57,3,575.4,3,3,3,333
14400,148,1,574.7,2,2,3,223
18123,23,2,574.44,4,3,3,433
15339,65,2,574.07,3,3,3,333
15303,289,1,574.02,1,2,3,123
12879,44,3,573.22,3,3,3,333
13379,25,3,572.56,4,3,3,433
13405,73,3,572.45,2,3,3,233
12816,95,2,572.2,2,3,3,233
13816,23,2,571.67,4,3,3,433
17616,173,3,571.2,2,3,3,233
15821,43,2,570.96,3,3,3,333
15315,63,2,570.5,3,3,3,333
13939,22,3,568.55,4,3,3,433
17360,16,3,568.24,4,3,3,433
13321,71,2,567.36,2,3,3,233
16667,67,2,567.18,3,3,3,333
18150,31,3,566.58,4,3,3,433
16278,99,1,566.38,2,2,3,223
16345,43,1,565.46,3,2,3,323
13894,23,3,564.62,4,3,3,433
15344,0,3,563.94,5,3,3,533
16933,0,2,563.23,5,3,3,533
14753,86,1,563.15,2,2,3,223
17970,210,1,562.79,1,2,3,123
14167,38,4,562.59,3,4,3,343
12414,216,3,562.41,1,3,3,133
16916,23,2,562.41,4,3,3,433
12559,310,2,561.71,1,3,3,133
13946,78,3,561.57,2,3,3,233
15655,242,1,560.67,1,2,3,123
13044,290,1,560.47,1,2,3,123
14273,50,4,559.97,3,4,3,343
16275,196,1,559.87,1,2,3,123
15415,312,1,559.61,1,2,3,123
16906,81,4,559.59,2,4,3,243
12866,282,1,559.12,1,2,3,123
17503,2,2,558.96,5,3,3,533
12987,73,2,558.7,2,3,3,233
13800,309,1,558.32,1,2,3,123
14592,34,3,557.94,3,3,3,333
13260,60,1,557.62,3,2,3,323
17955,198,4,557.3,1,4,3,143
16385,59,3,554.86,3,3,3,333
17864,12,3,554.85,5,3,3,533
14891,147,2,554.38,2,3,3,233
14618,8,3,553.44,5,3,3,533
15068,45,2,553.36,3,3,3,333
12363,109,2,552.0,2,3,3,233
17674,73,2,551.04,2,3,3,233
17291,307,1,550.8,1,2,3,123
17235,24,2,550.06,4,3,3,433
17265,138,2,550.01,2,3,3,233
12390,79,1,549.84,2,2,3,223
14177,85,4,549.46,2,4,3,243
16536,109,1,548.12,2,2,3,223
16031,91,2,547.9,2,3,3,233
14474,45,1,547.66,3,2,3,323
16811,4,2,547.07,5,3,3,533
17637,30,2,547.06,4,3,3,433
16211,88,1,547.02,2,2,3,223
17295,28,3,547.0,4,3,3,433
17520,53,1,546.81,3,2,3,323
14805,14,4,546.4,4,4,3,443
14997,45,3,546.2,3,3,3,333
17806,10,1,546.04,5,2,3,523
12793,334,2,545.48,1,3,3,133
16475,87,4,544.3,2,4,3,243
13617,39,3,544.18,3,3,3,333
13390,74,1,544.08,2,2,3,223
16927,115,3,543.05,2,3,3,233
13278,40,1,542.73,3,2,3,323
16230,189,2,542.03,1,3,3,133
17897,172,3,541.81,2,3,3,233
17447,39,2,541.53,3,3,3,333
17557,13,3,541.46,4,3,3,433
13874,357,1,540.45,1,2,3,123
12743,133,2,540.13,2,3,3,233
13812,41,3,539.0,3,3,3,333
14496,311,2,538.81,1,3,3,133
15469,49,2,538.55,3,3,3,333
15539,6,1,538.46,5,2,3,523
14539,15,2,537.48,4,3,3,433
16206,54,4,537.06,3,4,3,343
15043,30,1,537.0,4,2,3,423
16804,22,3,536.99,4,3,3,433
16233,70,3,536.68,3,3,3,333
16142,249,1,535.34,1,2,3,123
13000,106,3,534.85,2,3,3,233
13385,329,1,534.57,1,2,3,123
16340,106,1,534.31,2,2,3,223
17443,219,1,534.24,1,2,3,123
13434,73,2,534.24,2,3,3,233
13217,121,3,533.98,2,3,3,233
17062,313,4,533.33,1,4,3,143
15433,213,2,533.3,1,3,3,133
15825,171,1,532.94,2,2,3,223
12784,8,2,532.82,5,3,3,533
16706,36,3,531.35,3,3,3,333
14265,108,2,530.18,2,3,3,233
18159,300,1,530.15,1,2,3,123
14002,133,2,529.73,2,3,3,233
14463,97,3,529.62,2,3,3,233
16185,16,2,529.41,4,3,3,433
18043,24,3,529.29,4,3,3,433
15452,29,3,528.48,4,3,3,433
17631,1,3,528.33,5,3,3,533
16602,35,1,528.08,3,2,3,323
15756,60,4,528.01,3,4,3,343
12479,10,1,527.2,5,2,3,523
17623,32,1,527.05,3,2,3,323
15919,19,2,525.69,4,3,3,433
17429,127,3,524.92,2,3,3,233
15467,8,3,524.88,5,3,3,533
13721,35,1,524.14,3,2,3,323
17329,13,2,523.11,4,3,3,433
18017,80,3,523.0,2,3,3,233
17712,44,1,522.91,3,2,3,323
12863,51,1,521.2,3,2,3,323
15149,133,1,520.8,2,2,3,223
17345,14,4,519.69,4,4,3,443
14873,209,1,519.68,1,2,3,123
12571,39,2,519.61,3,3,3,333
13643,30,3,519.44,4,3,3,433
16955,184,4,518.67,1,4,3,143
16650,71,1,518.42,2,2,3,223
15030,71,2,518.28,2,3,3,233
18252,50,2,518.27,3,3,3,333
16892,0,5,518.19,5,4,3,543
16135,262,1,517.55,1,2,3,123
17454,191,4,517.53,1,4,3,143
18205,35,2,517.36,3,3,3,333
13043,272,1,516.42,1,2,3,123
15882,198,4,516.36,1,4,3,143
15809,35,5,515.77,3,4,3,343
12811,260,3,514.85,1,3,3,133
15246,237,2,514.15,1,3,3,133
13005,173,2,513.7,2,3,3,233
17513,71,1,513.2,2,2,3,223
17290,3,2,513.01,5,3,3,533
17805,73,1,512.31,2,2,3,223
17480,77,1,511.82,2,2,3,223
15891,226,1,511.68,1,2,3,123
12582,238,2,511.36,1,3,3,133
14851,22,2,511.35,4,3,3,433
16561,5,2,511.12,5,3,3,533
15406,30,2,510.71,4,3,3,433
12436,99,1,509.01,2,2,3,223
17391,163,2,508.8,2,3,3,233
15417,84,1,508.8,2,2,3,223
14317,64,1,508.58,3,2,3,323
17958,116,1,508.46,2,2,3,223
17415,79,1,507.84,2,2,3,223
14158,39,1,507.66,3,2,3,323
14820,20,4,507.29,4,4,3,443
16960,38,3,507.05,3,3,3,333
13885,188,2,506.8,1,3,3,133
16614,182,1,506.19,1,2,3,123
12988,291,1,505.82,1,2,3,123
14014,76,1,505.18,2,2,3,223
15081,21,5,504.8,4,4,3,443
12991,22,2,503.76,4,3,3,433
17630,169,2,503.6,2,3,3,233
15535,172,4,502.9,2,4,3,243
16863,30,2,502.8,4,3,3,433
13865,57,4,501.56,3,4,3,343
15881,311,5,501.39,1,4,3,143
14871,2,4,501.28,5,4,3,543
13116,137,1,501.14,2,2,3,223
13247,17,4,501.12,4,4,3,443
16898,25,3,501.03,4,3,3,433
16616,14,2,500.42,4,3,3,433
15389,171,1,500.0,2,2,3,223
14077,40,5,499.42,3,4,3,343
15193,60,1,499.32,3,2,3,323
14681,70,3,498.95,3,3,3,333
16488,32,3,498.8,3,3,3,333
15142,45,1,498.74,3,2,3,323
17053,130,1,498.48,2,2,3,223
17298,100,2,498.42,2,3,3,233
16820,95,1,497.61,2,2,3,223
17495,7,2,497.56,5,3,3,533
15300,63,1,496.44,3,2,3,323
15018,38,3,496.21,3,3,3,333
12904,17,2,496.06,4,3,3,433
17374,218,2,495.77,1,3,3,133
15448,312,1,494.64,1,2,3,123
16352,17,2,494.44,4,3,3,433
17333,85,1,494.25,2,2,3,223
12763,137,2,494.08,2,3,3,233
14270,331,1,492.65,1,2,3,123
13732,27,1,491.86,4,2,3,423
14236,80,2,490.86,2,3,3,233
15000,47,1,490.52,3,2,3,323
15877,1,2,490.33,5,3,3,533
14416,21,2,490.22,4,3,3,433
18074,373,1,489.6,1,2,3,123
12809,177,1,489.31,2,2,3,223
17361,48,3,488.2,3,3,3,333
14396,64,2,487.99,3,3,3,333
15165,372,1,487.75,1,2,3,123
16643,245,1,487.51,1,2,2,122
13338,157,1,487.02,2,2,2,222
13675,150,2,486.82,2,3,2,232
17453,17,2,486.72,4,3,2,432
15287,21,2,486.69,4,3,2,432
13153,5,1,486.22,5,2,2,522
12639,238,1,486.1,1,2,2,122
15109,245,1,484.95,1,2,2,122
16999,22,2,484.82,4,3,2,432
16518,60,2,484.32,3,3,2,332
13531,204,2,483.8,1,3,2,132
14958,146,3,483.73,2,3,2,232
12808,36,3,483.65,3,3,2,332
14147,77,2,483.4,2,3,2,232
14450,180,3,483.25,1,3,2,132
16603,74,2,482.47,2,3,2,232
17950,71,3,482.2,2,3,2,232
12504,17,2,482.05,4,3,2,432
18216,30,1,481.75,4,2,2,422
13176,45,1,481.49,3,2,2,322
14130,318,1,480.91,1,2,2,122
15091,67,1,480.71,3,2,2,322
15006,50,1,480.38,3,2,2,322
17555,19,2,480.31,4,3,2,432
16368,1,2,479.91,5,3,2,532
16812,360,1,479.35,1,2,2,122
16008,23,3,478.78,4,3,2,432
15589,255,3,478.53,1,3,2,132
16768,47,3,478.09,3,3,2,332
12644,129,1,477.91,2,2,2,222
16693,68,2,477.86,3,3,2,332
13092,70,5,477.83,3,4,2,342
14320,206,2,477.79,1,3,2,132
12447,242,1,476.49,1,2,2,122
18176,357,1,476.35,1,2,2,122
15507,171,1,475.86,2,2,2,222
14853,23,2,475.8,4,3,2,432
14497,308,1,475.37,1,2,2,122
15780,183,3,475.28,1,3,2,132
14013,109,3,473.02,2,3,2,232
16038,7,3,471.78,5,3,2,532
15721,11,1,471.4,5,2,2,522
13066,23,2,470.8,4,3,2,432
15963,19,2,470.76,4,3,2,432
14431,302,1,470.36,1,2,2,122
15026,79,3,469.0,2,3,2,232
15557,28,1,468.91,4,2,2,422
14896,204,2,468.77,1,3,2,132
13171,21,3,468.41,4,3,2,432
14029,62,2,467.66,3,3,2,332
15468,50,2,467.51,3,3,2,332
13579,14,2,467.04,4,3,2,432
16374,65,2,466.73,3,3,2,332
14205,16,2,466.7,4,3,2,432
16504,24,1,465.88,4,2,2,422
13248,124,2,465.68,2,3,2,232
16742,46,1,464.9,3,2,2,322
13928,10,4,464.57,5,4,2,542
16586,248,1,463.95,1,2,2,122
15349,157,2,463.91,2,3,2,232
14967,49,1,463.8,3,2,2,322
12787,9,3,463.66,5,3,2,532
17418,41,2,463.46,3,3,2,332
14489,206,1,463.38,1,2,2,122
17964,31,2,463.21,4,3,2,432
12945,287,1,462.95,1,2,2,122
14331,123,2,462.66,2,3,2,232
14470,11,2,461.19,5,3,2,532
16824,15,2,460.64,4,3,2,432
16805,173,2,460.59,2,3,2,232
12491,38,1,460.4,3,2,2,322
12355,213,1,459.4,1,2,2,122
16589,70,3,459.24,3,3,2,332
17880,364,1,458.92,1,2,2,122
15754,50,3,458.57,3,3,2,332
13506,315,2,458.52,1,3,2,132
15092,214,2,457.81,1,3,2,132
15121,49,2,457.72,3,3,2,332
12375,10,2,457.5,5,3,2,532
13398,191,1,457.34,1,2,2,122
12564,260,1,456.9,1,2,2,122
12999,195,3,455.88,1,3,2,132
14513,100,3,455.59,2,3,2,232
15585,176,1,455.3,2,2,2,222
16529,189,1,455.25,1,2,2,122
14335,15,2,454.86,4,3,2,432
15471,1,1,454.48,5,2,2,522
13485,232,1,454.24,1,2,2,122
17140,246,1,454.12,1,2,2,122
15475,76,1,454.11,2,2,2,222
17564,23,3,454.01,4,3,2,432
18158,8,2,453.4,5,3,2,532
12729,113,1,453.01,2,2,2,222
18071,257,2,453.0,1,3,2,132
14184,66,1,452.89,3,2,2,322
12591,316,1,452.85,1,2,2,122
16574,70,1,451.44,3,2,2,322
15802,142,1,451.42,2,2,2,222
14173,10,4,450.84,5,4,2,542
16885,14,3,450.41,4,3,2,432
17040,137,1,449.73,2,2,2,222
13489,104,4,449.52,2,4,2,242
12448,43,1,449.45,3,2,2,322
15739,65,1,449.12,3,2,2,322
17579,4,3,448.9,5,3,2,532
14780,54,2,447.68,3,3,2,332
15646,157,3,447.64,2,3,2,232
15368,20,1,446.94,4,2,2,422
14149,220,1,446.62,1,2,2,122
17370,72,4,446.18,2,4,2,242
17190,58,2,444.74,3,3,2,332
18006,22,1,444.68,4,2,2,422
14638,50,1,443.6,3,2,2,322
16404,69,1,443.05,3,2,2,322
18222,92,1,443.0,2,2,2,222
12579,77,1,440.42,2,2,2,222
18233,325,1,440.0,1,2,2,122
14022,224,1,440.0,1,2,2,122
15524,24,1,440.0,4,2,2,422
13954,1,2,439.92,5,3,2,532
16025,29,1,439.66,4,2,2,422
12391,21,1,439.66,4,2,2,422
13359,63,1,439.56,3,2,2,322
16968,3,2,439.43,5,3,2,532
13358,268,1,439.03,1,2,2,122
14272,73,2,437.96,2,3,2,232
12552,38,2,437.82,3,3,2,332
16034,195,3,437.7,1,3,2,132
12592,91,2,437.6,2,3,2,232
16084,298,1,436.18,1,2,2,122
15551,36,1,436.06,3,2,2,322
16948,138,3,435.02,2,3,2,232
15456,282,3,434.59,1,3,2,132
14910,2,4,434.35,5,4,2,542
14460,109,3,434.34,2,3,2,232
14093,11,1,433.86,5,2,2,522
12493,165,2,433.74,2,3,2,232
17035,245,2,433.53,1,3,2,132
16236,77,1,432.2,2,2,2,222
16881,66,1,432.0,3,2,2,322
12452,16,2,430.57,4,3,2,432
13245,50,1,430.5,3,2,2,322
12795,18,1,430.48,4,2,2,422
12827,5,3,430.15,5,3,2,532
16884,37,2,429.84,3,3,2,332
15450,29,1,429.84,4,2,2,422
15230,238,2,429.6,1,3,2,132
15036,71,3,429.56,2,3,2,232
15553,59,1,428.93,3,2,2,322
13602,64,1,428.89,3,2,2,322
15957,31,1,428.89,4,2,2,422
17869,106,5,428.18,2,4,2,242
15360,39,1,427.93,3,2,2,322
12725,370,1,427.8,1,2,2,122
12403,49,1,427.7,3,2,2,322
15976,164,2,427.64,2,3,2,232
12740,63,1,427.6,3,2,2,322
12802,186,1,427.58,1,2,2,122
15930,66,1,426.63,3,2,2,322
14288,212,1,426.6,1,2,2,122
15639,133,1,425.32,2,2,2,222
14157,19,2,424.89,4,3,2,432
16119,7,2,423.36,5,3,2,532
17525,359,1,422.7,1,2,2,122
13473,60,2,422.64,3,3,2,332
16689,75,2,422.6,2,3,2,232
18240,45,1,422.58,3,2,2,322
13140,107,3,422.47,2,3,2,232
16780,99,2,422.24,2,3,2,232
18106,329,1,421.9,1,2,2,122
14757,74,1,420.5,2,2,2,222
15206,9,4,420.3,5,4,2,542
15889,156,2,420.07,2,3,2,232
14124,83,1,419.58,2,2,2,222
15361,361,1,418.92,1,2,2,122
18034,21,2,418.68,4,3,2,432
17371,16,3,418.4,4,3,2,432
12593,108,3,418.1,2,3,2,232
17701,252,1,417.95,1,2,2,122
17232,2,2,417.77,5,3,2,532
13615,318,1,417.69,1,2,2,122
16737,52,1,417.6,3,2,2,322
12833,144,1,417.38,2,2,2,222
17392,306,2,417.27,1,3,2,132
13166,282,1,417.2,1,2,2,122
16816,102,4,417.06,2,4,2,242
13889,92,1,416.9,2,2,2,222
17223,309,2,416.89,1,3,2,132
15935,238,2,416.86,1,3,2,132
16957,238,2,416.64,1,3,2,132
13085,157,2,416.08,2,3,2,232
15803,50,1,415.82,3,2,2,322
14139,45,1,415.82,3,2,2,322
12930,77,2,415.8,2,3,2,232
12580,246,1,415.7,1,2,2,122
15725,14,1,415.25,4,2,2,422
14333,67,1,415.2,3,2,2,322
18001,11,2,415.13,5,3,2,532
16795,364,1,414.88,1,2,2,122
14998,169,2,414.87,2,3,2,232
12993,22,4,414.76,4,4,2,442
15994,54,1,414.27,3,2,2,322
16239,56,2,414.2,3,3,2,332
17483,64,3,414.04,3,3,2,332
13974,48,1,413.59,3,2,2,322
16834,227,1,413.46,1,2,2,122
17134,106,2,413.2,2,3,2,232
14620,205,2,412.78,1,3,2,132
15523,83,1,412.01,2,2,2,222
16272,116,1,411.7,2,2,2,222
15186,13,2,411.41,4,3,2,432
15099,83,1,410.48,2,2,2,222
15695,266,2,409.98,1,3,2,132
14048,304,1,409.93,1,2,2,122
13827,57,3,409.8,3,3,2,332
14348,259,1,409.57,1,2,2,122
12990,30,3,409.5,4,3,2,432
15225,233,1,409.4,1,2,2,122
16243,33,2,409.1,3,3,2,332
16018,38,2,408.9,3,3,2,332
15269,23,1,408.8,4,2,2,422
17913,58,2,408.65,3,3,2,332
16629,73,2,408.63,2,3,2,232
16324,127,3,408.59,2,3,2,232
17931,133,2,408.36,2,3,2,232
16399,18,2,408.02,4,3,2,432
15127,65,1,406.53,3,2,2,322
16947,235,1,406.48,1,2,2,122
15342,129,1,406.09,2,2,2,222
14616,242,3,406.08,1,3,2,132
12970,6,4,405.47,5,4,2,542
12922,160,1,405.38,2,2,2,222
15012,53,2,405.04,3,3,2,332
15938,111,5,404.58,2,4,2,242
16319,217,1,404.4,1,2,2,122
16484,173,2,404.3,2,3,2,232
12498,20,3,403.7,4,3,2,432
17431,312,1,403.3,1,2,2,122
15221,365,1,403.25,1,2,2,122
18036,31,3,403.12,4,3,2,432
15184,28,2,402.2,4,3,2,432
12386,337,2,401.9,1,3,2,132
15158,44,1,401.4,3,2,2,322
16500,4,6,400.86,5,4,2,542
16198,74,1,400.68,2,2,2,222
12792,256,1,400.54,1,2,2,122
17375,198,3,400.1,1,3,2,132
18164,36,1,399.65,3,2,2,322
13255,8,2,399.51,5,3,2,532
18154,2,2,399.19,5,3,2,532
17052,27,1,399.09,4,2,2,422
17830,1,3,398.7,5,3,2,532
15522,32,2,397.99,3,3,2,332
13352,59,1,397.98,3,2,2,322
12508,25,2,397.88,4,3,2,432
15967,22,2,397.68,4,3,2,432
15429,26,2,397.35,4,3,2,432
17926,132,2,397.29,2,3,2,232
12824,59,1,397.12,3,2,2,322
13594,52,1,396.97,3,2,2,322
17486,260,1,396.87,1,2,2,122
15883,1,2,396.48,5,3,2,532
18067,39,1,396.33,3,2,2,322
16354,62,2,395.8,3,3,2,332
17603,77,1,394.72,2,2,2,222
14619,245,1,394.44,1,2,2,122
16207,24,1,394.38,4,2,2,422
15386,185,1,394.14,1,2,2,122
15264,63,1,393.74,3,2,2,322
15345,45,1,393.54,3,2,2,322
17226,308,1,393.49,1,2,2,122
14600,305,1,393.33,1,2,2,122
14670,279,2,392.86,1,3,2,132
16010,245,3,392.4,1,3,2,132
15837,64,1,391.98,3,2,2,322
16917,276,1,391.52,1,2,2,122
12982,242,1,390.54,1,2,2,122
18024,152,2,389.78,2,3,2,232
17379,10,1,389.72,5,2,2,522
14752,43,1,389.64,3,2,2,322
13873,119,3,389.6,2,3,2,232
13345,287,1,389.5,1,2,2,122
16250,260,2,389.44,1,3,2,132
15847,37,2,389.27,3,3,2,332
12690,205,1,389.01,1,2,2,122
15592,46,1,388.58,3,2,2,322
13899,15,2,388.52,4,3,2,432
13856,168,3,388.5,2,3,2,232
17438,253,1,388.45,1,2,2,122
14538,64,2,388.25,3,3,2,332
17817,3,3,387.68,5,3,2,532
14420,98,1,387.52,2,2,2,222
13673,18,2,387.44,4,3,2,432
17508,280,1,387.31,1,2,2,122
17595,11,2,386.69,5,3,2,532
14114,273,2,386.53,1,3,2,132
15664,50,1,386.43,3,2,2,322
17614,56,1,386.32,3,2,2,322
14779,280,3,386.15,1,3,2,132
13821,144,2,385.64,2,3,2,232
17711,10,2,385.1,5,3,2,532
13919,58,2,384.81,3,3,2,332
17357,23,2,384.39,4,3,2,432
16204,22,1,384.18,4,2,2,422
17205,53,1,384.08,3,2,2,322
16982,60,1,384.06,3,2,2,322
12733,233,1,383.95,1,2,2,122
13833,158,1,383.85,2,2,2,222
17189,105,2,383.75,2,3,2,232
12515,352,1,383.7,1,2,2,122
15440,54,3,383.68,3,3,2,332
14304,222,1,383.45,1,2,2,122
15424,253,2,383.34,1,3,2,132
12832,31,2,383.03,4,3,2,432
13817,28,2,382.98,4,3,2,432
17239,312,1,382.5,1,2,2,122
13657,10,2,382.14,5,3,2,532
17250,3,2,381.97,5,3,2,532
15090,307,1,381.32,1,2,2,122
16441,66,2,381.2,3,3,2,332
15048,64,4,381.0,3,4,2,342
12871,83,2,380.64,2,3,2,232
17573,28,3,380.6,4,3,2,432
17138,275,1,380.5,1,2,2,122
17999,36,2,380.39,3,3,2,332
17031,11,2,380.35,5,3,2,532
17936,4,1,380.13,5,2,2,522
14731,46,3,380.02,3,3,2,332
16552,242,2,379.73,1,3,2,132
13656,164,2,379.65,2,3,2,232
13589,14,2,379.65,4,3,2,432
17878,43,1,379.45,3,2,2,322
15885,92,3,379.35,2,3,2,232
16909,71,1,379.14,2,2,2,222
16930,25,3,378.89,4,3,2,432
13372,89,1,378.64,2,2,2,222
17078,35,2,378.2,3,3,2,332
17736,8,3,377.44,5,3,2,532
12890,23,1,376.72,4,2,2,422
17489,58,2,376.64,3,3,2,332
13936,179,1,376.58,1,2,2,122
16858,368,1,375.69,1,2,2,122
14448,8,2,375.35,5,3,2,532
14079,124,1,375.1,2,2,2,222
16147,133,1,375.0,2,2,2,222
14067,63,2,374.7,3,3,2,332
17492,247,1,374.57,1,2,2,122
12873,281,1,374.0,1,2,2,122
13351,65,1,373.94,3,2,2,322
16321,71,5,373.65,2,4,2,242
12895,41,2,372.8,3,3,2,332
12544,35,1,372.7,3,2,2,322
12981,29,2,372.22,4,3,2,432
13300,168,1,371.89,2,2,2,222
18155,74,3,371.62,2,3,2,232
15472,112,1,371.56,2,2,2,222
16776,59,1,371.54,3,2,2,322
14950,18,1,371.2,4,2,2,422
15975,83,1,371.01,2,2,2,222
15063,212,1,370.8,1,2,2,122
15922,372,1,369.5,1,2,2,122
16758,64,1,369.34,3,2,2,322
14888,206,1,369.2,1,2,2,122
17765,158,3,367.63,2,3,2,232
16065,364,1,367.14,1,2,2,122
18181,23,1,366.85,4,2,2,422
17911,8,1,366.23,5,2,2,522
17432,17,2,365.76,4,3,2,432
16499,359,2,365.45,1,3,2,132
16202,360,1,365.27,1,2,2,122
14886,252,1,364.8,1,2,2,122
15949,16,2,364.72,4,3,2,432
12373,310,1,364.6,1,2,2,122
15343,86,1,364.5,2,2,2,222
14528,36,1,364.22,3,2,2,322
12538,28,1,363.95,4,2,2,422
17330,22,2,363.9,4,3,2,432
14171,97,1,363.79,2,2,2,222
16509,296,1,363.7,1,2,2,122
18056,287,1,363.65,1,2,2,122
12915,148,2,363.65,2,3,2,232
16485,76,1,363.65,2,2,2,222
14932,365,1,363.53,1,2,2,122
14427,49,2,363.34,3,3,2,332
14594,6,2,363.33,5,3,2,532
16903,28,1,363.2,4,2,2,422
16378,246,3,362.95,1,3,2,132
16052,53,1,362.06,3,2,2,322
15025,32,1,361.96,3,2,2,322
13844,10,1,361.62,5,2,2,522
16769,259,1,361.54,1,2,2,122
16305,138,1,361.22,2,2,2,222
13291,155,1,361.11,2,2,2,222
17358,302,2,360.81,1,3,2,132
16595,60,1,360.16,3,2,2,322
13780,6,2,360.01,5,3,2,532
13298,0,1,360.0,5,2,2,522
15120,133,1,358.82,2,2,2,222
17948,146,1,358.56,2,2,2,222
16823,226,1,358.38,1,2,2,122
13228,80,1,358.0,2,2,2,222
13976,206,1,357.98,1,2,2,122
17025,60,3,357.77,3,3,2,332
16971,37,1,357.21,3,2,2,322
18040,18,2,357.2,4,3,2,432
13453,165,2,356.98,2,2,2,222
14500,87,3,356.85,2,3,2,232
15713,142,2,356.7,2,2,2,222
15247,121,1,356.0,2,2,2,222
16372,32,2,355.73,3,2,2,322
15840,58,2,355.56,3,2,2,322
14537,57,1,355.56,3,2,2,322
17742,112,2,355.11,2,2,2,222
14690,43,2,355.05,3,2,2,322
12888,213,2,354.12,1,2,2,122
12845,266,4,354.09,1,4,2,142
13173,3,2,353.65,5,2,2,522
13210,93,1,353.48,2,2,2,222
13343,177,1,353.43,2,2,2,222
14804,8,1,353.27,5,2,2,522
12617,28,1,352.98,4,2,2,422
15678,52,1,352.7,3,2,2,322
18112,11,2,352.69,5,2,2,522
16274,372,1,351.75,1,2,2,122
15901,16,3,351.73,4,3,2,432
12566,85,1,351.65,2,2,2,222
15870,32,1,351.44,3,2,2,322
15789,357,1,351.3,1,2,2,122
13923,53,1,351.13,3,2,2,322
13332,13,1,350.9,4,2,2,422
15334,156,3,350.82,2,3,2,232
13740,240,1,350.75,1,2,2,122
13108,372,1,350.06,1,2,2,122
12532,29,1,349.83,4,2,2,422
13670,74,1,349.7,2,2,2,222
13887,203,1,349.55,1,2,2,122
18250,309,1,349.27,1,2,2,122
15405,188,1,349.1,1,2,2,122
13927,74,1,348.99,2,2,2,222
17252,116,2,348.91,2,2,2,222
13790,3,1,348.8,5,2,2,522
12527,81,3,348.71,2,3,2,232
16159,281,1,348.2,1,2,2,122
13052,211,1,348.15,1,2,2,122
14379,43,2,348.1,3,2,2,322
13497,282,2,348.05,1,2,2,122
17668,0,2,347.75,5,2,2,522
18127,18,3,347.08,4,3,2,432
13062,190,1,346.98,1,2,2,122
13649,256,2,346.6,1,2,2,122
16423,24,1,346.12,4,2,2,422
13091,27,1,345.82,4,2,2,422
15781,24,3,345.46,4,3,2,432
17123,161,1,345.3,2,2,2,222
13774,81,1,345.0,2,2,2,222
14633,265,1,344.9,1,2,2,122
16978,77,1,344.33,2,2,2,222
17569,331,1,344.14,1,2,2,122
13068,9,2,344.0,5,2,2,522
15047,269,1,343.62,1,2,2,122
15520,1,1,343.5,5,2,2,522
18081,35,3,343.45,3,3,2,332
12715,105,1,343.36,2,2,2,222
12875,142,2,343.23,2,2,2,222
17795,179,2,342.83,1,2,2,122
16851,3,3,342.45,5,3,2,532
17835,2,3,342.24,5,3,2,532
16826,50,1,341.7,3,2,2,322
13347,69,1,341.36,3,2,2,322
14491,174,2,340.93,2,2,2,222
15115,17,1,340.11,4,2,2,422
13737,199,1,339.6,1,2,2,122
17045,112,3,339.44,2,3,2,232
16545,164,1,339.3,2,2,2,222
17697,235,1,338.95,1,2,2,122
16183,66,1,338.71,3,2,2,322
13569,16,2,338.62,4,2,2,422
15652,90,1,337.74,2,2,2,222
15942,133,1,337.44,2,2,2,222
13930,57,2,337.34,3,2,2,322
15900,23,1,337.28,4,2,2,422
17973,51,1,337.04,3,2,2,322
16105,248,1,336.96,1,2,2,122
17384,18,2,336.4,4,2,2,422
15619,10,1,336.4,5,2,2,522
18078,216,2,336.13,1,2,2,122
18276,43,1,335.86,3,2,2,322
14196,106,1,335.52,2,2,2,222
16063,259,1,335.32,1,2,2,122
17917,44,3,335.03,3,3,2,332
12489,335,1,334.93,1,2,2,122
14988,211,1,334.54,1,2,2,122
15466,84,1,334.53,2,2,2,222
17221,6,2,334.48,5,2,2,522
12350,309,1,334.4,1,2,2,122
15918,190,2,334.23,1,2,2,122
14264,154,2,333.97,2,2,2,222
13216,267,1,333.74,1,2,2,122
13727,28,2,333.48,4,2,2,422
16625,274,1,333.08,1,2,2,122
14902,25,1,332.66,4,2,2,422
13904,36,2,332.64,3,2,2,322
16850,333,1,332.41,1,2,2,122
16803,64,1,332.3,3,2,2,322
16177,49,1,331.95,3,2,2,322
16030,309,1,331.24,1,2,2,122
15210,224,1,331.18,1,2,2,122
12891,185,3,331.0,1,3,2,132
16478,24,3,331.0,4,3,2,432
17862,323,1,330.9,1,2,2,122
12519,63,1,330.84,3,2,2,322
13706,302,1,330.79,1,2,2,122
14517,32,2,330.45,3,2,2,322
15130,169,1,330.11,2,2,2,222
16593,50,3,330.03,3,3,2,332
15714,11,2,330.03,5,2,2,522
12953,9,1,329.85,5,2,2,522
17866,142,1,329.65,2,2,2,222
17615,129,3,329.6,2,3,2,232
13239,261,1,329.56,1,2,2,122
17914,3,1,329.36,5,2,2,522
17154,74,1,329.34,2,2,2,222
15153,30,1,329.25,4,2,2,422
15880,368,1,329.03,1,2,2,122
14012,277,1,328.8,1,2,2,122
17222,64,1,328.65,3,2,2,322
16343,15,2,328.58,4,2,2,422
16855,23,2,328.4,4,2,2,422
15213,318,2,328.35,1,2,2,122
14747,248,1,328.2,1,2,2,122
14206,238,1,328.16,1,2,2,122
16318,34,1,328.15,3,2,2,322
15314,198,1,327.97,1,2,2,122
14024,121,2,327.7,2,2,2,222
15579,68,2,327.6,3,2,2,322
16366,18,1,327.3,4,2,2,422
14870,261,1,327.25,1,2,2,122
16322,0,2,326.75,5,2,2,522
17715,200,1,326.4,1,2,2,122
14987,15,2,326.4,4,2,2,422
16071,44,1,326.24,3,2,2,322
15363,372,1,326.0,1,2,2,122
12844,28,2,325.96,4,2,2,422
16830,38,1,325.91,3,2,2,322
14850,311,1,325.75,1,2,2,122
15944,276,1,325.1,1,2,2,122
12790,191,1,324.92,1,2,2,122
13801,66,1,324.8,3,2,2,322
15597,34,1,324.57,3,2,2,322
16685,60,2,324.24,3,2,2,322
18261,42,2,324.24,3,2,2,322
15675,80,3,323.69,2,3,2,232
15921,172,1,323.03,2,2,2,222
16739,176,1,323.0,2,2,2,222
13955,153,2,322.96,2,2,2,222
16627,78,1,322.8,2,2,2,222
16342,74,4,322.41,2,4,2,242
15224,357,2,322.08,1,2,2,122
14424,17,1,322.08,4,2,2,422
14484,49,1,321.92,3,2,2,322
17976,371,1,321.79,1,2,2,122
14823,179,3,321.43,1,3,2,132
15236,298,1,321.05,1,2,2,122
16096,263,1,320.62,1,2,2,122
14622,184,1,320.58,1,2,2,122
13986,16,1,320.46,4,2,2,422
15107,310,6,319.5,1,4,2,142
16967,188,1,319.02,1,2,2,122
17157,7,2,319.0,5,2,2,522
17229,95,2,318.76,2,2,2,222
17248,119,1,318.65,2,2,2,222
14703,14,1,318.17,4,2,2,422
17839,41,1,318.15,3,2,2,322
12648,154,1,318.05,2,2,2,222
18066,74,1,318.0,2,2,2,222
17172,78,1,317.76,2,2,2,222
15101,8,2,317.53,5,2,2,522
17267,126,2,317.2,2,2,2,222
15257,282,1,317.15,1,2,2,122
15385,39,1,316.88,3,2,2,322
15243,73,1,316.68,2,2,2,222
16761,96,1,316.62,2,2,2,222
15204,356,1,316.58,1,2,2,122
17458,14,1,316.5,4,2,2,422
13494,311,1,316.26,1,2,2,122
14479,253,2,316.25,1,2,2,122
15872,14,2,316.25,4,2,2,422
16473,164,3,316.11,2,3,2,232
18117,25,1,315.65,4,2,2,422
12614,277,1,315.6,1,2,2,122
16091,154,2,315.06,2,2,2,222
15766,63,1,315.06,3,2,2,322
17237,10,2,314.69,5,2,2,522
16193,236,1,314.45,1,2,2,122
12650,2,1,314.44,5,2,2,522
16227,224,1,314.22,1,2,2,122
15970,303,1,314.1,1,2,2,122
13484,240,1,313.8,1,2,2,122
16582,112,1,313.62,2,2,2,222
14729,373,1,313.49,1,2,2,122
13845,64,1,312.98,3,2,2,322
15318,3,1,312.62,5,2,2,522
14555,56,2,312.54,3,2,2,322
12834,282,1,312.38,1,2,2,122
13642,215,1,312.28,1,2,2,122
17362,238,2,312.23,1,2,2,122
12785,363,1,311.95,1,2,2,122
16450,149,1,311.92,2,2,2,222
14142,372,1,311.81,1,2,2,122
15326,333,1,311.71,1,2,2,122
14951,78,1,311.69,2,2,2,222
14327,162,1,311.65,2,2,2,222
12852,294,1,311.55,1,2,2,122
13990,212,1,311.3,1,2,2,122
17854,184,2,311.26,1,2,2,122
16781,371,1,311.25,1,2,2,122
13897,49,1,311.16,3,2,2,322
15185,69,1,310.62,3,2,2,322
15308,273,1,310.47,1,2,2,122
14311,242,1,310.26,1,2,2,122
17912,309,5,310.06,1,4,2,142
14924,245,1,310.05,1,2,2,122
15661,316,2,309.8,1,2,2,122
15699,17,1,309.65,4,2,2,422
16810,191,1,309.54,1,2,2,122
14339,242,1,309.52,1,2,2,122
14847,148,1,309.4,2,2,2,222
17604,216,2,309.36,1,2,2,122
12884,87,1,309.05,2,2,2,222
13787,75,2,309.04,2,2,2,222
15010,35,1,308.94,3,2,2,322
16956,17,1,308.74,4,2,2,422
13699,154,1,308.58,2,2,2,222
17510,24,1,308.48,4,2,2,422
13369,365,1,308.28,1,2,2,122
13466,183,1,307.9,1,2,2,122
15973,366,1,307.82,1,2,2,122
16123,51,1,307.78,3,1,2,312
13529,78,2,307.76,2,2,2,222
13395,184,1,307.72,1,1,2,112
13060,253,1,307.53,1,1,2,112
14716,42,2,307.51,3,2,2,322
14915,90,2,307.48,2,2,2,222
17120,232,1,307.46,1,1,2,112
13932,294,1,307.4,1,1,2,112
13142,18,1,307.09,4,1,2,412
17334,301,2,307.02,1,2,2,122
15087,281,1,306.94,1,1,2,112
13762,218,1,306.72,1,1,2,112
16668,14,6,306.72,4,4,2,442
13718,245,2,306.55,1,2,2,122
18059,22,3,306.46,4,3,2,432
15659,43,1,306.45,3,1,2,312
17176,201,1,306.13,1,1,2,112
13863,247,1,305.78,1,1,2,112
15219,175,1,305.75,2,1,2,212
16796,88,1,305.62,2,1,2,212
16181,72,1,305.54,2,1,2,212
18220,226,1,305.28,1,1,2,112
13045,98,1,305.28,2,1,2,212
12623,275,1,305.1,1,1,2,112
17941,130,1,304.56,2,1,2,212
15163,17,2,304.47,4,2,2,422
18185,248,1,304.25,1,1,2,112
16217,234,2,304.25,1,2,2,122
17070,113,1,304.24,2,1,2,212
16674,54,2,304.24,3,2,2,322
17732,372,1,303.97,1,1,2,112
16400,94,1,303.93,2,1,2,212
13083,3,2,303.75,5,2,2,522
17433,87,1,303.16,2,1,2,212
16425,301,1,302.7,1,1,2,112
14248,317,1,302.58,1,1,2,112
16386,28,2,302.57,4,2,2,422
18165,176,1,302.46,2,1,2,212
16292,121,1,302.25,2,1,2,212
17506,75,1,302.2,2,1,2,212
15054,11,2,302.1,5,2,2,522
17094,321,1,302.0,1,1,2,112
16297,268,1,301.9,1,1,2,112
16715,77,1,301.72,2,1,2,212
15667,39,1,301.32,3,1,2,312
15148,10,1,301.29,5,1,2,512
15623,140,1,301.03,2,1,2,212
13479,200,2,300.95,1,2,2,122
17978,364,1,300.92,1,1,2,112
16430,56,1,300.85,3,1,2,312
16479,9,2,300.83,5,2,2,522
14762,263,1,300.52,1,1,2,112
13304,350,1,300.42,1,1,2,112
15254,126,1,300.36,2,1,2,212
17793,24,1,300.34,4,1,2,412
13745,161,1,300.04,2,1,2,212
18053,70,1,300.02,3,1,2,312
18215,88,1,299.34,2,1,2,212
13667,148,1,299.05,2,1,2,212
15609,183,1,298.48,1,1,2,112
17824,50,1,298.4,3,1,2,312
16104,61,1,298.21,3,1,2,312
17678,263,1,298.11,1,1,2,112
12881,275,1,298.0,1,1,2,112
15857,18,1,297.0,4,1,2,412
17531,189,1,296.7,1,1,2,112
13441,91,1,296.64,2,1,2,212
17266,1,3,296.58,5,3,2,532
13751,287,1,296.25,1,1,2,112
13504,63,1,295.93,3,1,2,312
16998,149,4,295.0,2,4,2,242
14954,11,1,294.85,5,1,2,512
15060,7,4,294.25,5,4,2,542
17124,184,1,294.24,1,1,2,112
15732,211,2,294.12,1,2,2,122
16402,264,2,293.45,1,2,2,122
17163,21,2,293.1,4,2,2,422
12829,336,2,293.0,1,2,2,122
16721,261,1,292.47,1,1,2,112
14985,197,2,292.01,1,2,2,122
13502,16,3,292.0,4,3,2,432
13449,23,1,291.88,4,1,2,412
17255,40,2,291.48,3,2,2,322
14656,168,2,291.05,2,2,2,222
14947,71,2,290.82,2,2,2,222
16648,42,1,290.66,3,1,2,312
15279,354,1,290.51,1,1,2,112
17691,357,2,290.4,1,2,2,122
16526,171,1,290.36,2,1,2,212
17551,358,1,290.34,1,1,2,112
13573,49,2,290.25,3,2,2,322
14784,25,2,289.99,4,2,2,422
17464,157,1,289.96,2,1,2,212
16897,298,2,289.78,1,2,2,122
17201,53,1,289.78,3,1,2,312
14162,173,2,289.36,2,2,2,222
16125,366,1,289.35,1,1,2,112
14549,310,1,289.24,1,1,2,112
15545,53,2,288.97,3,2,2,322
17081,24,2,288.91,4,2,2,422
17501,220,2,288.6,1,2,2,122
16808,98,2,288.42,2,2,2,222
15396,112,1,288.18,2,1,2,212
17977,28,1,288.14,4,1,2,412
17080,21,2,287.62,4,2,2,422
17760,21,2,287.59,4,2,2,422
16432,63,1,287.4,3,1,2,312
13760,53,2,286.79,3,2,2,322
16555,34,2,285.89,3,2,2,322
14660,86,2,285.74,2,2,2,222
14953,24,1,285.67,4,1,2,412
17636,18,1,285.56,4,1,2,412
13708,270,1,285.33,1,1,2,112
16429,105,1,284.55,2,1,2,212
18190,191,2,284.46,1,2,2,122
13121,268,1,283.73,1,1,2,112
13439,254,1,283.71,1,1,2,112
12703,70,1,283.55,3,1,2,312
17783,71,2,283.47,2,2,2,222
13259,61,1,283.18,3,1,2,312
18270,37,2,283.15,3,2,2,322
17694,141,1,283.12,2,1,2,212
14350,273,1,282.93,1,1,2,112
13754,151,2,282.6,2,2,2,222
13177,64,1,282.45,3,1,2,312
16557,23,2,281.85,4,2,2,422
16848,52,1,281.42,3,1,2,312
14242,234,2,280.55,1,2,2,122
16149,4,2,280.52,5,2,2,522
17247,14,1,280.09,4,1,2,412
14975,56,1,279.94,3,1,2,312
15556,23,1,279.77,4,1,2,412
14480,10,1,279.05,5,1,2,512
14764,46,1,278.3,3,1,2,312
14908,73,1,277.8,2,1,2,212
13803,254,1,277.07,1,1,2,112
15355,28,2,277.05,4,2,2,422
13606,28,3,276.75,4,3,2,432
13272,30,2,276.56,4,2,2,422
13544,39,2,276.06,3,2,2,322
12750,128,1,275.88,2,1,2,212
14512,187,2,275.28,1,2,2,122
16313,2,2,274.15,5,2,2,522
16883,186,2,272.48,1,2,2,122
17498,75,1,272.22,2,1,2,212
14819,63,2,272.07,3,2,2,322
13917,49,2,272.04,3,2,2,322
14816,196,1,271.85,1,1,2,112
13058,24,3,271.4,4,3,2,432
17767,14,1,271.2,4,1,2,412
17254,4,2,271.19,5,2,2,522
17496,358,1,271.05,1,1,2,112
18108,253,1,271.0,1,1,2,112
17011,29,1,270.9,4,1,2,412
15774,68,1,270.8,3,1,2,312
14520,1,2,270.6,5,2,2,522
13242,111,3,270.4,2,3,2,232
12558,7,1,269.96,5,1,2,512
17251,362,1,269.83,1,1,2,112
13533,182,3,269.09,1,3,2,132
14727,273,1,268.58,1,1,2,112
14508,21,2,268.05,4,2,2,422
15408,263,1,267.18,1,1,2,112
17550,196,3,267.16,1,3,2,132
15320,43,1,267.13,3,1,2,312
15517,232,1,267.03,1,1,2,112
16451,87,1,266.97,2,1,2,212
17786,84,2,266.85,2,2,2,222
14863,28,1,266.76,4,1,2,412
13837,211,2,266.59,1,2,2,122
15119,245,1,266.4,1,1,2,112
12962,6,2,266.39,5,2,2,522
14068,319,1,265.85,1,1,2,112
17430,32,2,265.76,3,2,2,322
14423,217,1,265.2,1,1,2,112
17968,373,1,265.1,1,1,2,112
13973,286,1,264.7,1,1,2,112
15912,177,2,264.62,2,2,2,222
17403,35,1,263.92,3,1,2,312
17708,187,2,263.33,1,2,2,122
12492,62,2,263.21,3,2,2,322
17194,273,2,262.62,1,2,2,122
16413,56,1,262.2,3,1,2,312
16936,25,1,261.9,4,1,2,412
13189,18,2,260.68,4,2,2,422
14053,123,2,260.25,2,2,2,222
15143,225,1,259.45,1,1,2,112
13127,77,1,259.17,2,1,2,212
14452,10,2,259.05,5,2,2,522
15577,150,3,258.88,2,3,2,232
13277,15,4,258.4,4,4,2,442
15894,252,2,258.25,1,2,2,122
13227,201,1,257.7,1,1,2,112
15014,42,2,257.67,3,2,2,322
13626,252,1,257.23,1,1,2,112
16048,372,2,256.44,1,2,2,122
12430,42,1,256.4,3,1,2,312
13806,63,1,256.38,3,1,2,312
16727,363,1,256.32,1,1,2,112
17896,22,1,256.32,4,1,2,412
17385,14,1,256.11,4,1,2,412
16447,135,1,255.91,2,1,2,212
14761,58,2,255.9,3,2,2,322
15277,46,1,255.9,3,1,2,312
14881,19,1,255.4,4,1,2,412
16226,202,3,255.12,1,3,2,132
15261,134,1,254.82,2,1,2,212
15154,74,1,254.28,2,1,2,212
12604,78,2,254.18,2,2,2,222
14765,28,3,254.11,4,3,2,432
15689,119,2,254.1,2,2,2,222
12797,365,1,254.03,1,1,2,112
15759,217,3,253.04,1,3,2,132
15019,266,1,252.81,1,1,2,112
15035,89,1,252.73,2,1,2,212
13404,0,2,252.49,5,2,2,522
15346,332,1,252.42,1,1,2,112
13645,119,1,252.1,2,1,2,212
13711,218,2,252.06,1,2,2,122
16330,17,3,251.91,4,3,2,432
16836,39,2,251.87,3,2,2,322
17155,17,2,251.7,4,2,2,422
16976,266,1,251.52,1,1,2,112
13512,260,1,251.21,1,1,2,112
14501,183,2,251.21,1,2,2,122
16024,11,1,251.03,5,1,2,512
13207,14,2,250.26,4,2,2,422
16596,15,2,250.15,4,2,2,422
17303,360,1,250.04,1,1,2,112
15510,330,1,250.0,1,1,2,112
17456,364,1,249.86,1,1,2,112
16124,316,1,249.0,1,1,1,111
13061,71,1,248.61,2,1,1,211
16510,371,1,248.1,1,1,1,111
15097,3,1,248.08,5,1,1,511
13592,35,4,247.96,3,4,1,341
18072,185,1,247.44,1,1,1,111
18009,234,1,247.39,1,1,1,111
13349,10,1,247.32,5,1,1,511
14658,4,2,247.15,5,2,1,521
15783,10,1,246.3,5,1,1,511
17278,240,1,246.04,1,1,1,111
16778,73,2,245.94,2,2,1,221
17771,56,2,245.81,3,2,1,321
12660,10,1,245.1,5,1,1,511
15118,133,1,244.8,2,1,1,211
16528,3,1,244.41,5,1,1,511
17892,55,3,244.1,3,3,1,331
17925,372,1,244.08,1,1,1,111
13103,39,1,243.94,3,1,1,311
16793,56,1,243.84,3,1,1,311
18193,164,1,243.76,2,1,1,211
13886,70,1,243.56,3,1,1,311
15634,16,1,243.55,4,1,1,411
17339,93,2,243.36,2,2,1,221
16601,40,1,242.7,3,1,1,311
16215,80,1,242.35,2,1,1,211
15776,132,1,241.62,2,1,1,211
14523,107,1,241.09,2,1,1,211
16427,262,2,241.06,1,2,1,121
17051,193,1,240.89,1,1,1,111
15598,52,1,240.68,3,1,1,311
15286,49,1,240.55,3,1,1,311
13565,18,2,240.22,4,2,1,421
17256,106,2,240.0,2,2,1,221
17181,56,2,239.92,3,2,1,321
15690,3,2,239.76,5,2,1,521
13570,242,1,239.49,1,1,1,111
17684,43,1,239.41,3,1,1,311
16756,214,1,239.4,1,1,1,111
12561,302,1,238.85,1,1,1,111
12718,70,1,238.25,3,1,1,311
17877,169,1,237.61,2,1,1,211
14586,276,1,237.36,1,1,1,111
15457,261,1,237.07,1,1,1,111
12732,179,1,236.26,1,1,1,111
16026,42,1,236.09,3,1,1,311
14647,200,1,236.04,1,1,1,111
13187,336,1,236.02,1,1,1,111
14375,184,1,235.56,1,1,1,111
15850,18,2,234.88,4,2,1,421
15462,93,3,234.6,2,3,1,231
14473,73,2,234.34,2,2,1,221
17060,265,1,234.24,1,1,1,111
16961,115,1,234.17,2,1,1,211
12736,332,1,234.0,1,1,1,111
13348,63,1,233.76,3,1,1,311
16583,373,1,233.45,1,1,1,111
16302,126,1,233.22,2,1,1,211
13678,151,1,232.6,2,1,1,211
18213,236,1,232.48,1,1,1,111
16117,189,1,232.21,1,1,1,111
17908,373,1,232.03,1,1,1,111
14995,38,2,231.98,3,2,1,321
15393,15,2,231.86,4,2,1,421
17111,46,1,231.61,3,1,1,311
16641,105,1,231.1,2,1,1,211
18030,3,2,230.65,5,2,1,521
16445,33,1,230.51,3,1,1,311
17125,49,1,230.5,3,1,1,311
13786,366,1,230.4,1,1,1,111
16926,370,1,230.25,1,1,1,111
13960,20,2,230.22,4,2,1,421
12812,44,1,229.64,3,1,1,311
13008,322,1,229.47,1,1,1,111
15528,253,1,229.33,1,1,1,111
14793,20,1,228.99,4,1,1,411
17347,85,1,228.96,2,1,1,211
13146,25,1,228.91,4,1,1,411
13712,246,1,228.84,1,1,1,111
13070,191,1,228.8,1,1,1,111
17969,165,2,228.2,2,2,1,221
16527,80,1,228.06,2,1,1,211
14569,0,1,227.39,5,1,1,511
17212,252,1,226.85,1,1,1,111
13474,235,1,226.84,1,1,1,111
17572,70,4,226.75,3,4,1,341
18005,3,2,226.47,5,2,1,521
17860,368,1,226.45,1,1,1,111
16315,330,1,226.37,1,1,1,111
16619,263,1,226.21,1,1,1,111
12672,329,1,225.9,1,1,1,111
17789,280,1,225.9,1,1,1,111
14624,56,2,225.85,3,2,1,321
12402,322,1,225.6,1,1,1,111
16690,71,2,225.58,2,2,1,221
14052,19,1,225.36,4,1,1,411
15483,160,4,225.26,2,4,1,241
16587,231,1,225.15,1,1,1,111
14357,42,1,225.12,3,1,1,311
17171,288,1,224.91,1,1,1,111
15175,71,1,224.14,2,1,1,211
16471,274,1,223.95,1,1,1,111
16753,57,1,223.92,3,1,1,311
14929,31,1,223.88,4,1,1,411
13926,22,1,223.85,4,1,1,411
17534,53,1,223.36,3,1,1,311
15637,52,1,223.36,3,1,1,311
13382,280,1,222.99,1,1,1,111
16777,79,2,222.62,2,2,1,221
18101,10,2,222.4,5,2,1,521
14598,43,1,221.97,3,1,1,311
14960,7,2,221.27,5,2,1,521
13419,63,1,221.06,3,1,1,311
16482,15,1,220.62,4,1,1,411
18114,289,1,220.1,1,1,1,111
13079,3,5,220.1,5,4,1,541
13600,311,1,219.52,1,1,1,111
15096,42,1,219.39,3,1,1,311
12702,19,1,219.0,4,1,1,411
15790,9,1,218.75,5,1,1,511
13669,50,2,218.55,3,2,1,321
12574,315,1,218.45,1,1,1,111
15724,200,2,218.25,1,2,1,121
14570,280,2,218.06,1,2,1,121
16634,222,2,217.9,1,2,1,121
16392,269,1,217.89,1,1,1,111
15554,277,1,217.2,1,1,1,111
16080,81,2,217.16,2,2,1,221
13739,17,1,216.9,4,1,1,411
13503,70,1,216.85,3,1,1,311
12897,204,2,216.5,1,2,1,121
15604,51,1,216.39,3,1,1,311
17436,1,2,216.3,5,2,1,521
14104,154,2,216.21,2,2,1,221
13858,56,1,216.17,3,1,1,311
18212,325,1,216.07,1,1,1,111
16179,60,1,215.83,3,1,1,311
17580,252,3,215.72,1,3,1,131
16189,15,2,215.48,4,2,1,421
16190,39,1,215.08,3,1,1,311
16519,24,2,215.08,4,2,1,421
12831,261,1,215.05,1,1,1,111
12588,38,1,214.9,3,1,1,311
16338,156,1,214.8,2,1,1,211
17619,311,1,214.37,1,1,1,111
16846,49,1,214.32,3,1,1,311
15460,353,1,214.26,1,1,1,111
16647,169,2,214.06,2,2,1,221
14601,10,1,213.96,5,1,1,511
13621,116,1,213.85,2,1,1,211
17153,23,1,213.78,4,1,1,411
14241,183,1,213.7,1,1,1,111
13411,106,1,213.55,2,1,1,211
16591,68,1,213.5,3,1,1,311
15540,10,1,213.3,5,1,1,511
17928,44,2,212.54,3,2,1,321
15866,100,1,211.89,2,1,1,211
16017,46,1,211.88,3,1,1,311
16356,197,3,211.77,1,3,1,131
16411,18,2,211.7,4,2,1,421
15703,264,1,211.5,1,1,1,111
13271,36,1,211.49,3,1,1,311
12995,84,1,211.32,2,1,1,211
13532,33,1,210.31,3,1,1,311
13828,21,1,209.49,4,1,1,411
17855,372,1,208.97,1,1,1,111
15327,52,1,208.75,3,1,1,311
17514,127,1,208.65,2,1,1,211
15897,193,2,208.59,1,2,1,121
16457,217,1,208.36,1,1,1,111
18191,261,1,207.8,1,1,1,111
12547,197,2,207.8,1,2,1,121
16866,140,3,207.74,2,3,1,231
15052,318,1,207.73,1,1,1,111
16752,372,1,207.5,1,1,1,111
17923,281,1,207.5,1,1,1,111
16323,195,1,207.5,1,1,1,111
13099,98,1,207.36,2,1,1,211
15925,193,1,207.15,1,1,1,111
15820,319,1,206.98,1,1,1,111
17166,38,2,206.34,3,2,1,321
14964,246,1,206.21,1,1,1,111
13065,372,1,205.86,1,1,1,111
17670,227,1,205.7,1,1,1,111
17843,302,1,205.48,1,1,1,111
15307,95,1,205.3,2,1,1,211
15758,24,1,205.25,4,1,1,411
13513,126,1,205.1,2,1,1,211
15319,283,1,204.5,1,1,1,111
17206,52,1,204.24,3,1,1,311
13017,6,1,204.0,5,1,1,511
18273,1,3,204.0,5,3,1,531
17187,226,1,203.95,1,1,1,111
17394,218,1,203.87,1,1,1,111
17891,161,1,203.86,2,1,1,211
17376,70,2,203.2,3,2,1,321
14381,51,1,202.68,3,1,1,311
18169,60,1,202.65,3,1,1,311
14984,18,2,202.37,4,2,1,421
16895,64,1,202.27,3,1,1,311
14385,8,3,202.11,5,3,1,531
13428,9,1,201.78,5,1,1,511
15347,365,1,201.6,1,1,1,111
17889,211,2,201.37,1,2,1,121
13295,359,1,201.2,1,1,1,111
13284,330,1,201.19,1,1,1,111
16965,226,1,201.19,1,1,1,111
13859,325,1,201.16,1,1,1,111
17988,11,7,201.12,5,5,1,551
18126,60,1,200.92,3,1,1,311
17693,136,1,200.47,2,1,1,211
13262,262,1,200.29,1,1,1,111
16415,43,1,200.27,3,1,1,311
15437,261,1,200.16,1,1,1,111
13980,59,1,200.14,3,1,1,311
14782,319,1,200.1,1,1,1,111
13723,216,1,199.85,1,1,1,111
15593,70,1,199.8,3,1,1,311
13322,16,1,199.48,4,1,1,411
16832,183,3,199.15,1,3,1,131
18110,19,1,198.8,4,1,1,411
17987,184,1,198.57,1,1,1,111
16178,137,1,197.9,2,1,1,211
12450,155,2,197.88,2,2,1,221
12581,39,1,197.71,3,1,1,311
14185,330,1,197.65,1,1,1,111
14789,28,1,197.64,4,1,1,411
16829,156,1,197.22,2,1,1,211
15234,276,1,197.0,1,1,1,111
12586,16,1,196.94,4,1,1,411
13436,1,1,196.89,5,1,1,511
15746,133,1,196.88,2,1,1,211
13978,14,2,196.79,4,2,1,421
16112,142,4,195.74,2,4,1,241
13792,65,2,195.55,3,2,1,321
17010,17,1,195.36,4,1,1,411
14666,23,1,195.25,4,1,1,411
15612,35,2,195.15,3,2,1,321
17475,78,1,194.37,2,1,1,211
15683,116,1,193.75,2,1,1,211
17343,354,1,193.64,1,1,1,111
15198,91,2,193.64,2,2,1,221
16847,42,1,193.44,3,1,1,311
14806,74,1,193.39,2,1,1,211
17383,3,1,193.39,5,1,1,511
14476,256,1,193.0,1,1,1,111
12522,38,2,192.72,3,2,1,321
12791,373,1,192.6,1,1,1,111
14768,16,2,192.6,4,2,1,421
16887,34,1,192.33,3,1,1,311
17608,32,2,191.99,3,2,1,321
14100,137,1,191.95,2,1,1,211
15909,173,1,191.94,2,1,1,211
14087,2,1,191.47,5,1,1,511
15692,27,1,191.04,4,1,1,411
17233,34,1,190.88,3,1,1,311
15723,364,1,190.7,1,1,1,111
13033,356,1,190.55,1,1,1,111
15412,170,1,190.53,2,1,1,211
13972,70,2,190.25,3,2,1,321
12361,286,1,189.9,1,1,1,111
13826,175,1,189.5,2,1,1,211
13663,178,1,189.47,1,1,1,111
14801,60,1,189.34,3,1,1,311
14830,52,1,188.88,3,1,1,311
14697,217,2,188.61,1,2,1,121
17781,158,2,188.02,2,2,1,221
17279,57,1,187.83,3,1,1,311
18013,154,2,187.29,2,2,1,221
13568,172,1,187.05,2,1,1,211
17440,156,3,186.42,2,3,1,231
13672,300,2,186.39,1,2,1,121
14551,17,2,186.23,4,2,1,421
15567,18,1,186.01,4,1,1,411
12641,114,1,185.9,2,1,1,211
17574,242,1,185.65,1,1,1,111
14199,217,1,185.4,1,1,1,111
16097,239,1,185.05,1,1,1,111
13482,231,1,184.64,1,1,1,111
17680,23,1,184.4,4,1,1,411
16433,27,1,184.26,4,1,1,411
15124,22,2,184.19,4,2,1,421
14326,241,1,183.85,1,1,1,111
16914,35,1,183.76,3,1,1,311
16680,42,1,183.7,3,1,1,311
14059,266,1,183.6,1,1,1,111
13460,28,2,183.44,4,2,1,421
13059,249,1,183.4,1,1,1,111
14966,14,1,183.02,4,1,1,411
16448,197,1,182.99,1,1,1,111
14082,364,1,182.25,1,1,1,111
16594,74,1,181.09,2,1,1,211
15886,59,1,181.09,3,1,1,311
17904,20,1,181.07,4,1,1,411
15945,364,1,181.0,1,1,1,111
16835,127,2,180.85,2,2,1,221
18119,367,1,180.7,1,1,1,111
18280,277,1,180.6,1,1,1,111
13710,31,1,180.48,4,1,1,411
14722,146,1,180.42,2,1,1,211
12622,231,1,180.1,1,1,1,111
15041,169,1,179.93,2,1,1,211
18147,45,2,179.34,3,2,1,321
15895,149,1,179.17,2,1,1,211
15454,361,1,179.1,1,1,1,111
16990,218,1,179.0,1,1,1,111
14705,198,1,179.0,1,1,1,111
15139,239,2,178.96,1,2,1,121
16620,3,2,178.96,5,2,1,521
15262,323,1,178.95,1,1,1,111
17660,140,1,178.75,2,1,1,211
13778,102,1,178.7,2,1,1,211
17879,173,1,178.52,2,1,1,211
15292,200,1,178.39,1,1,1,111
18045,44,1,178.34,3,1,1,311
17253,17,1,178.26,4,1,1,411
17356,311,1,178.22,1,1,1,111
18282,7,2,178.05,5,2,1,521
16403,311,1,177.5,1,1,1,111
13618,173,1,177.34,2,1,1,211
12618,21,1,177.31,4,1,1,411
13072,266,1,177.15,1,1,1,111
17947,36,1,176.68,3,1,1,311
14287,7,3,176.63,5,3,1,531
12893,30,1,176.55,4,1,1,411
12509,283,1,176.5,1,1,1,111
18274,29,1,175.92,4,1,1,411
17582,235,1,175.27,1,1,1,111
16144,246,1,175.2,1,1,1,111
17331,123,1,175.2,2,1,1,211
18010,256,1,174.8,1,1,1,111
14355,365,1,174.4,1,1,1,111
14518,63,1,174.37,3,1,1,311
18278,73,1,173.9,2,1,1,211
16861,59,2,173.76,3,2,1,321
14798,52,3,173.74,3,3,1,331
16565,363,1,173.7,1,1,1,111
12441,366,1,173.55,1,1,1,111
17772,10,2,173.45,5,2,1,521
15565,49,2,173.16,3,2,1,321
15670,296,1,173.05,1,1,1,111
14693,264,1,172.9,1,1,1,111
12923,63,1,172.82,3,1,1,311
18048,202,2,172.29,1,2,1,121
13922,351,1,172.25,1,1,1,111
13690,58,1,172.25,3,1,1,311
12442,2,1,172.06,5,1,1,511
16773,56,1,171.59,3,1,1,311
17245,204,1,171.45,1,1,1,111
13560,6,1,171.42,5,1,1,511
15432,22,1,171.19,4,1,1,411
14536,259,1,170.95,1,1,1,111
17542,269,1,170.75,1,1,1,111
14860,18,1,170.32,4,1,1,411
15335,53,1,170.22,3,1,1,311
18058,9,1,170.16,5,1,1,511
15016,172,1,170.04,2,1,1,211
13962,21,2,169.55,4,2,1,421
14218,42,1,169.48,3,1,1,311
12367,3,1,168.9,5,1,1,511
14578,2,1,168.63,5,1,1,511
18269,365,1,168.6,1,1,1,111
18099,126,1,168.31,2,1,1,211
15888,80,1,168.31,2,1,1,211
16282,339,1,168.3,1,1,1,111
17737,8,2,168.24,5,2,1,521
15986,29,1,168.12,4,1,1,411
12551,357,1,168.0,1,1,1,111
15374,128,1,168.0,2,1,1,211
16952,108,2,167.61,2,2,1,221
17367,237,1,167.55,1,1,1,111
15920,153,4,167.5,2,4,1,241
16405,301,2,167.25,1,2,1,121
14295,39,1,166.2,3,1,1,311
17650,20,1,166.08,4,1,1,411
12817,280,1,166.04,1,1,1,111
18088,60,1,166.03,3,1,1,311
17561,18,1,165.12,4,1,1,411
18042,53,1,165.05,3,1,1,311
15316,326,1,165.0,1,1,1,111
13470,98,2,165.0,2,2,1,221
15904,7,1,164.68,5,1,1,511
17535,279,1,164.4,1,1,1,111
13603,25,1,164.34,4,1,1,411
14552,151,1,164.22,2,1,1,211
14354,5,2,163.62,5,2,1,521
17110,164,1,163.3,2,1,1,211
17301,20,1,163.24,4,1,1,411
13223,199,2,163.2,1,2,1,121
14485,38,1,162.8,3,1,1,311
12920,16,1,162.78,4,1,1,411
16517,276,1,162.7,1,1,1,111
15733,282,1,162.3,1,1,1,111
18014,27,1,162.22,4,1,1,411
15325,103,1,161.74,2,1,1,211
17600,17,1,161.67,4,1,1,411
15458,24,1,161.64,4,1,1,411
16113,182,1,161.38,1,1,1,111
14237,372,1,161.0,1,1,1,111
13229,225,1,160.95,1,1,1,111
15852,186,2,160.71,1,2,1,121
12573,226,1,160.54,1,1,1,111
18203,156,1,160.42,2,1,1,211
18146,140,2,160.35,2,2,1,221
14714,23,1,160.19,4,1,1,411
12966,9,1,160.18,5,1,1,511
13598,46,1,160.04,3,1,1,311
13420,149,2,159.85,2,2,1,221
16213,78,1,159.0,2,1,1,211
18224,263,1,158.95,1,1,1,111
13937,168,1,158.85,2,1,1,211
15167,320,1,158.8,1,1,1,111
14089,56,1,158.75,3,1,1,311
17165,283,1,158.68,1,1,1,111
15160,356,1,158.16,1,1,1,111
15348,71,1,158.04,2,1,1,211
18004,361,1,157.92,1,1,1,111
17556,205,1,157.9,1,1,1,111
14799,50,1,157.7,3,1,1,311
17344,45,1,157.62,3,1,1,311
14148,233,1,157.2,1,1,1,111
17128,334,1,157.09,1,1,1,111
14585,49,1,157.05,3,1,1,311
17118,317,1,157.02,1,1,1,111
15007,158,1,156.91,2,1,1,211
15988,18,1,156.78,4,1,1,411
14406,118,1,156.75,2,1,1,211
15438,130,1,156.58,2,1,1,211
15263,106,1,156.51,2,1,1,211
17885,11,1,156.34,5,1,1,511
13898,325,1,155.93,1,1,1,111
17871,204,1,155.9,1,1,1,111
17832,49,1,155.37,3,1,1,311
12738,371,1,155.35,1,1,1,111
15447,330,1,155.17,1,1,1,111
13809,304,1,155.05,1,1,1,111
14368,319,1,155.0,1,1,1,111
14046,283,1,154.99,1,1,1,111
17698,260,1,154.95,1,1,1,111
15740,48,1,154.88,3,1,1,311
17026,184,2,154.83,1,2,1,121
17899,158,1,154.55,2,1,1,211
15226,310,1,154.41,1,1,1,111
16406,18,1,154.35,4,1,1,411
16921,60,1,154.18,3,1,1,311
17517,308,1,153.94,1,1,1,111
16351,332,1,153.9,1,1,1,111
12602,58,1,153.12,3,1,1,311
17714,320,1,153.0,1,1,1,111
16720,25,1,152.95,4,1,1,411
16248,61,1,152.94,3,1,1,311
14813,369,2,152.88,1,2,1,121
17984,144,1,152.68,2,1,1,211
18138,294,1,152.65,1,1,1,111
14066,266,1,152.55,1,1,1,111
17707,184,2,152.4,1,2,1,121
13514,73,1,152.2,2,1,1,211
14039,32,1,152.2,3,1,1,311
17898,84,2,152.06,2,2,1,221
16617,235,1,151.85,1,1,1,111
14208,94,1,151.74,2,1,1,211
13462,252,1,151.5,1,1,1,111
14362,21,1,151.5,4,1,1,411
17286,21,1,151.37,4,1,1,411
13697,38,1,151.3,3,1,1,311
16337,36,1,151.05,3,1,1,311
14073,31,1,151.04,4,1,1,411
14204,1,1,150.61,5,1,1,511
18200,105,1,150.35,2,1,1,211
15717,233,1,150.3,1,1,1,111
16932,52,1,150.23,3,1,1,311
17234,182,1,149.89,1,1,1,111
15869,276,2,149.64,1,2,1,121
17946,232,2,149.58,1,2,1,121
18262,139,1,149.48,2,1,1,211
15435,21,1,149.29,4,1,1,411
13003,105,3,149.05,2,3,1,231
17549,23,2,148.86,4,2,1,421
15526,32,2,148.44,3,2,1,321
14968,29,1,147.59,4,1,1,411
14098,36,1,147.35,3,1,1,311
14037,175,2,147.2,2,2,1,221
12864,137,1,147.12,2,1,1,211
17030,63,1,146.87,3,1,1,311
14238,325,1,146.85,1,1,1,111
16893,366,1,145.93,1,1,1,111
12565,288,1,145.92,1,1,1,111
17935,137,2,145.79,2,2,1,221
13866,73,1,145.67,2,1,1,211
15937,63,1,145.35,3,1,1,311
16598,285,1,145.05,1,1,1,111
17524,360,1,145.0,1,1,1,111
16852,9,2,144.91,5,2,1,521
12974,197,1,144.8,1,1,1,111
15748,39,1,144.36,3,1,1,311
14109,72,1,144.2,2,1,1,211
17186,46,2,144.0,3,2,1,321
12587,7,1,144.0,5,1,1,511
17578,217,1,143.46,1,1,1,111
15705,200,1,143.1,1,1,1,111
16461,177,1,142.92,2,1,1,211
13299,267,1,142.5,1,1,1,111
16287,169,1,142.5,2,1,1,211
13584,306,1,142.4,1,1,1,111
14386,296,1,142.4,1,1,1,111
17859,304,1,141.92,1,1,1,111
13561,215,1,141.86,1,1,1,111
14041,265,1,141.41,1,1,1,111
15503,362,1,141.04,1,1,1,111
15388,269,1,140.54,1,1,1,111
13483,65,1,140.34,3,1,1,311
14494,25,1,139.56,4,1,1,411
17718,231,1,139.35,1,1,1,111
16483,191,1,139.35,1,1,1,111
14772,111,1,139.26,2,1,1,211
18209,28,1,139.1,4,1,1,411
15135,238,1,139.05,1,1,1,111
13273,112,1,138.98,2,1,1,211
12902,264,1,138.68,1,1,1,111
14581,16,1,138.6,4,1,1,411
17122,118,1,138.32,2,1,1,211
13716,268,1,138.28,1,1,1,111
15663,105,1,138.14,2,1,1,211
16050,173,1,137.9,2,1,1,211
13279,77,1,137.75,2,1,1,211
17709,169,1,137.45,2,1,1,211
15836,49,1,137.37,3,1,1,311
14483,281,1,137.1,1,1,1,111
17468,9,2,137.0,5,2,1,521
15691,251,1,136.8,1,1,1,111
14247,277,1,136.77,1,1,1,111
16462,73,3,136.0,2,3,1,231
16412,53,1,135.99,3,1,1,311
12968,111,1,135.95,2,1,1,211
15042,198,1,135.93,1,1,1,111
14889,335,1,135.9,1,1,1,111
15419,24,1,135.86,4,1,1,411
15174,322,1,135.75,1,1,1,111
16114,170,1,135.75,2,1,1,211
16665,361,1,135.4,1,1,1,111
17972,241,1,135.19,1,1,1,111
13364,70,1,134.96,3,1,1,311
16055,220,1,134.8,1,1,1,111
14340,218,1,134.7,1,1,1,111
15562,351,1,134.55,1,1,1,111
14174,32,1,134.46,3,1,1,311
12837,172,1,134.1,2,1,1,211
14280,196,1,134.04,1,1,1,111
16424,190,1,133.56,1,1,1,111
14349,9,1,133.5,5,1,1,511
12445,21,1,133.4,4,1,1,411
17881,303,1,133.35,1,1,1,111
15709,283,1,133.25,1,1,1,111
17647,64,1,133.06,3,1,1,311
12512,65,2,132.18,3,2,1,321
17785,52,1,131.94,3,1,1,311
14438,305,1,131.9,1,1,1,111
12851,96,1,131.81,2,1,1,211
17455,203,1,131.7,1,1,1,111
14795,165,1,131.45,2,1,1,211
15844,45,1,130.74,3,1,1,311
16679,365,1,129.75,1,1,1,111
16611,185,1,129.49,1,1,1,111
16623,245,1,129.45,1,1,1,111
15276,65,1,128.63,3,1,1,311
16828,92,2,128.5,2,2,1,221
17297,16,1,128.18,4,1,1,411
15543,287,1,127.86,1,1,1,111
17359,10,1,127.86,5,1,1,511
13781,250,1,127.84,1,1,1,111
15578,161,1,127.1,2,1,1,211
15923,372,1,127.08,1,1,1,111
14962,270,1,126.7,1,1,1,111
16414,21,2,126.25,4,2,1,421
15463,28,1,126.14,4,1,1,411
16988,4,1,126.12,5,1,1,511
12814,101,1,125.92,2,1,1,211
13522,29,1,125.8,4,1,1,411
14861,51,1,125.79,3,1,1,311
14890,253,1,125.65,1,1,1,111
15017,33,1,125.58,3,1,1,311
12531,14,1,125.22,4,1,1,411
17148,51,1,124.88,3,1,1,311
16849,186,1,124.57,1,1,1,111
16569,2,1,124.2,5,1,1,511
14495,50,2,123.8,3,2,1,321
16658,367,1,123.24,1,1,1,111
15917,247,1,123.1,1,1,1,111
13519,77,1,122.75,2,1,1,211
13876,63,1,122.7,3,1,1,311
13638,15,1,122.64,4,1,1,411
16073,296,1,122.4,1,1,1,111
18018,107,2,122.14,2,2,1,221
13244,92,1,121.74,2,1,1,211
13182,44,1,121.18,3,1,1,311
15049,273,1,121.17,1,1,1,111
14413,361,1,121.05,1,1,1,111
15512,155,2,121.0,2,2,1,221
13002,317,1,120.95,1,1,1,111
17446,176,2,120.9,2,2,1,221
14165,275,1,120.44,1,1,1,111
18015,3,1,120.03,5,1,1,511
14259,141,1,120.0,2,1,1,211
14314,106,1,120.0,2,1,1,211
14453,189,1,119.93,1,1,1,111
16542,53,1,119.62,3,1,1,311
15266,337,1,119.3,1,1,1,111
16666,18,1,118.98,4,1,1,411
15843,303,1,118.95,1,1,1,111
17079,77,1,118.8,2,1,1,211
14155,265,1,118.75,1,1,1,111
14076,128,1,118.67,2,1,1,211
13581,308,1,118.0,1,1,1,111
12929,311,1,117.85,1,1,1,111
17654,276,1,117.55,1,1,1,111
16959,86,1,117.35,2,1,1,211
13877,85,1,117.24,2,1,1,211
17117,287,1,116.2,1,1,1,111
17601,238,1,116.01,1,1,1,111
14143,133,1,115.8,2,1,1,211
15350,372,1,115.65,1,1,1,111
13067,81,1,115.46,2,1,1,211
18027,98,1,115.31,2,1,1,211
14972,127,1,114.77,2,1,1,211
13188,10,1,114.6,5,1,1,511
14632,262,1,114.56,1,1,1,111
16247,169,1,114.56,2,1,1,211
17852,11,2,114.34,5,2,1,521
17219,31,1,114.23,4,1,1,411
14652,76,1,114.18,2,1,1,211
12938,25,1,114.14,4,1,1,411
14582,40,1,114.11,3,1,1,311
12651,334,1,114.0,1,1,1,111
14457,310,1,113.64,1,1,1,111
15445,263,1,113.5,1,1,1,111
17217,233,1,113.5,1,1,1,111
18105,37,1,113.48,3,1,1,311
16913,289,1,113.44,1,1,1,111
15280,171,1,113.12,2,1,1,211
14689,208,1,112.8,1,1,1,111
13161,312,1,112.75,1,1,1,111
16697,240,1,112.75,1,1,1,111
13807,366,1,112.6,1,1,1,111
18129,242,1,112.55,1,1,1,111
15610,51,1,112.46,3,1,1,311
17038,29,1,112.4,4,1,1,411
14271,225,1,112.32,1,1,1,111
17967,371,1,112.27,1,1,1,111
17900,189,2,112.2,1,2,1,121
12756,86,1,112.08,2,1,1,211
13193,60,1,112.08,3,1,1,311
17957,65,1,111.68,3,1,1,311
17887,128,1,111.35,2,1,1,211
18120,213,1,111.15,1,1,1,111
13508,243,1,110.97,1,1,1,111
13144,332,1,110.95,1,1,1,111
15537,162,1,110.92,2,1,1,211
15853,51,1,110.8,3,1,1,311
16963,186,1,110.55,1,1,1,111
14641,21,1,110.46,4,1,1,411
12734,352,1,110.4,1,1,1,111
16792,281,2,110.38,1,2,1,121
18277,57,1,110.38,3,1,1,311
17901,28,1,110.38,4,1,1,411
17746,239,1,110.25,1,1,1,111
17836,46,1,110.21,3,1,1,311
13133,273,2,109.8,1,2,1,121
16363,52,1,109.36,3,1,1,311
14699,213,1,109.13,1,1,1,111
14345,38,1,108.98,3,1,1,311
13170,26,1,108.81,4,1,1,411
17639,275,1,108.5,1,1,1,111
16106,65,1,108.38,3,1,1,311
13226,272,1,108.21,1,1,1,111
12956,305,1,108.07,1,1,1,111
14661,26,1,107.95,4,1,1,411
17274,34,1,107.82,3,1,1,311
16784,19,1,107.6,4,1,1,411
15395,325,1,107.45,1,1,1,111
17893,224,1,107.21,1,1,1,111
16757,318,1,106.83,1,1,1,111
15168,25,1,106.56,4,1,1,411
15070,372,1,106.2,1,1,1,111
17791,29,1,106.1,4,1,1,411
16581,182,1,105.84,1,1,1,111
15775,244,1,104.9,1,1,1,111
14027,60,1,104.82,3,1,1,311
15607,336,1,104.76,1,1,1,111
15958,73,1,104.35,2,1,1,211
18174,6,1,104.0,5,1,1,511
17548,233,1,103.3,1,1,1,111
18255,88,1,103.3,2,1,1,211
14542,185,1,103.25,1,1,1,111
18011,372,1,102.79,1,1,1,111
14836,9,3,102.45,5,3,1,531
17962,141,1,102.41,2,1,1,211
14981,245,1,102.12,1,1,1,111
13948,360,1,102.0,1,1,1,111
15212,240,1,101.8,1,1,1,111
18068,288,1,101.7,1,1,1,111
16516,29,1,101.7,4,1,1,411
17643,372,1,101.55,1,1,1,111
16006,210,1,101.4,1,1,1,111
18086,273,1,101.34,1,1,1,111
13101,233,1,101.19,1,1,1,111
16344,157,1,101.1,2,1,1,211
16498,160,2,100.97,2,2,1,221
14946,13,1,100.9,4,1,1,411
17427,71,1,100.8,2,1,1,211
14371,294,1,100.5,1,1,1,111
13703,317,1,99.5,1,1,1,111
17939,159,1,99.14,2,1,1,211
15256,148,1,98.45,2,1,1,211
17538,25,1,98.42,4,1,1,411
17349,178,1,98.25,1,1,1,111
15422,322,2,97.7,1,2,1,121
12984,18,1,97.5,4,1,1,411
17325,279,1,96.8,1,1,1,111
15216,87,1,96.6,2,1,1,211
14642,58,1,96.12,3,1,1,311
17024,44,3,95.85,3,3,1,331
17895,43,1,95.45,3,1,1,311
18249,16,1,95.34,4,1,1,411
12548,165,1,95.2,2,1,1,211
16387,322,1,94.36,1,1,1,111
13651,34,2,94.2,3,2,1,321
16339,283,1,94.05,1,1,1,111
15397,289,1,94.0,1,1,1,111
18033,64,1,93.82,3,1,1,311
15428,14,1,93.78,4,1,1,411
18227,217,1,93.75,1,1,1,111
13283,59,2,93.66,3,2,1,321
17991,224,2,93.35,1,2,1,121
12821,213,1,92.72,1,1,1,111
14054,64,1,92.46,3,1,1,311
12789,64,1,91.85,3,1,1,311
13551,318,1,91.8,1,1,1,111
13160,21,1,91.8,4,1,1,411
12659,29,1,91.68,4,1,1,411
15488,92,1,91.32,2,1,1,211
14353,214,1,90.6,1,1,1,111
13947,64,1,90.6,3,1,1,311
18084,15,1,90.48,4,1,1,411
16506,19,2,90.3,4,2,1,421
15552,216,1,90.12,1,1,1,111
16597,3,1,90.04,5,1,1,511
14117,143,1,90.0,2,1,1,211
14974,36,1,89.94,3,1,1,311
14219,3,1,89.94,5,1,1,511
14760,296,1,89.2,1,1,1,111
12686,371,1,89.14,1,1,1,111
14436,98,1,89.06,2,1,1,211
12353,203,1,89.0,1,1,1,111
15083,256,1,88.2,1,1,1,111
15180,366,1,87.5,1,1,1,111
13296,136,1,87.4,2,1,1,211
15541,113,1,85.13,2,1,1,211
13841,252,1,85.0,1,1,1,111
15729,212,1,85.0,1,1,1,111
13666,59,3,84.65,3,3,1,331
12401,302,1,84.3,1,1,1,111
17309,94,1,82.75,2,1,1,211
13006,55,1,81.57,3,1,1,311
17620,59,1,81.44,3,1,1,311
18281,180,1,80.82,1,1,1,111
16789,7,1,80.8,5,1,1,511
13967,145,1,80.7,2,1,1,211
17752,358,1,80.64,1,1,1,111
13747,373,1,79.6,1,1,1,111
15753,304,1,79.2,1,1,1,111
16078,283,1,79.2,1,1,1,111
17942,7,1,77.5,5,1,1,511
14785,9,2,77.4,5,2,1,521
13132,261,1,77.3,1,1,1,111
13992,29,1,76.8,4,1,1,411
14373,357,1,76.55,1,1,1,111
17536,176,1,76.5,2,1,1,211
13106,132,1,76.5,2,1,1,211
18113,368,1,76.32,1,1,1,111
14090,324,1,76.32,1,1,1,111
16148,295,1,76.32,1,1,1,111
15668,217,1,76.32,1,1,1,111
17995,281,1,76.1,1,1,1,111
17628,80,1,75.75,2,1,1,211
16610,218,1,75.66,1,1,1,111
13403,17,1,75.0,4,1,1,411
16468,73,1,74.9,2,1,1,211
18050,358,1,74.4,1,1,1,111
13095,70,1,74.4,3,1,1,311
17960,170,1,73.78,2,1,1,211
18032,333,1,73.5,1,1,1,111
12506,232,1,73.5,1,1,1,111
16171,58,1,73.2,3,1,1,311
17906,246,1,72.9,1,1,1,111
13686,182,1,72.0,1,1,1,111
13938,34,1,71.66,3,1,1,311
13185,267,1,71.4,1,1,1,111
17747,112,1,71.4,2,1,1,211
17022,30,1,71.0,4,1,1,411
18037,153,6,70.02,2,4,1,241
15863,25,2,68.84,4,2,1,421
14393,217,1,67.95,1,1,1,111
17382,64,1,65.4,3,1,1,311
13684,285,1,65.13,1,1,1,111
13130,93,1,64.0,2,1,1,211
13302,154,1,63.75,2,1,1,211
17263,207,1,63.44,1,1,1,111
14437,365,1,63.0,1,1,1,111
12665,324,1,63.0,1,1,1,111
14840,267,1,62.85,1,1,1,111
13218,126,1,62.64,2,1,1,211
15516,44,3,62.43,3,3,1,331
13194,135,1,60.7,2,1,1,211
17174,217,1,59.9,1,1,1,111
13391,203,1,59.8,1,1,1,111
13682,186,1,59.5,1,1,1,111
14957,252,1,58.49,1,1,1,111
13080,178,1,58.08,1,1,1,111
17775,254,1,56.4,1,1,1,111
15899,368,1,56.25,1,1,1,111
13366,49,1,56.16,3,1,1,311
16349,290,1,53.5,1,1,1,111
15504,80,1,52.83,2,1,1,211
13832,18,1,52.2,4,1,1,411
14865,6,2,52.2,5,2,1,521
14682,187,2,52.0,1,2,1,121
15313,109,1,52.0,2,1,1,211
17844,106,1,51.56,2,1,1,211
14351,164,1,51.0,2,1,1,211
13011,371,1,50.55,1,1,1,111
18184,14,1,49.8,4,1,1,411
14821,366,1,48.8,1,1,1,111
15603,78,1,48.48,2,1,1,211
16257,176,1,46.95,2,1,1,211
14080,32,1,45.6,3,1,1,311
15423,37,1,43.5,3,1,1,311
14300,18,1,43.2,4,1,1,411
15992,3,1,41.99,5,1,1,511
15178,259,1,40.5,1,1,1,111
14589,371,1,39.75,1,1,1,111
12977,155,1,39.24,2,1,1,211
16659,188,1,39.12,1,1,1,111
18019,51,1,38.45,3,1,1,311
12855,372,1,38.1,1,1,1,111
16162,251,1,37.4,1,1,1,111
17816,36,4,36.56,3,4,1,341
15940,310,1,35.8,1,1,1,111
14576,371,1,35.4,1,1,1,111
17831,32,1,35.4,3,1,1,311
16856,14,1,35.4,4,1,1,411
15744,77,1,34.8,2,1,1,211
16765,293,1,34.0,1,1,1,111
17408,162,1,32.65,2,1,1,211
13120,238,1,30.6,1,1,1,111
15657,22,1,30.0,4,1,1,411
17102,261,1,25.5,1,1,1,111
18268,133,1,25.5,2,1,1,211
17986,55,1,20.8,3,1,1,311
16953,29,1,20.8,4,1,1,411
16093,106,1,17.0,2,1,1,211
15823,371,1,15.0,1,1,1,111
17763,262,1,15.0,1,1,1,111
13307,119,1,15.0,2,1,1,211
16878,83,1,13.3,2,1,1,211
17956,248,1,12.75,1,1,1,111
16454,44,2,6.9,3,2,1,321
14792,63,1,6.2,3,1,1,311
16738,297,1,3.75,1,1,1,111
